query_name,Config,Run,BigN_SampleSize,CHAOLEE_SampleSize,Nb_Total_Scans,Execution_time,cd
query_137,1,1,6762.0,225.0,10000,1307,267982
query_137,1,2,6721.0,226.0,10000,552,311743
query_137,1,3,6768.0,221.0,10000,557,242844
query_137,1,4,6774.0,225.0,10000,533,352737
query_137,1,5,6773.0,214.0,10000,489,349362
query_138,1,1,6646.0,257.0,10000,1345,415431
query_138,1,2,6612.0,256.0,10000,613,366227
query_138,1,3,6630.0,259.0,10000,552,344221
query_138,1,4,6630.0,262.0,10000,488,446906
query_138,1,5,6622.0,255.0,10000,505,471832
query_145,1,1,2278.0,1544.0,10001,2299,4943018
query_145,1,2,2241.0,1551.0,10001,1325,5056688
query_145,1,3,2305.0,1539.0,10005,1193,4875973
query_145,1,4,2292.0,1541.0,10002,1164,4905348
query_145,1,5,2286.0,1542.0,10003,1064,4928382
query_146,1,1,2784.0,2405.0,10001,2333,2784901
query_146,1,2,2779.0,2408.0,10003,1151,2811949
query_146,1,3,2749.0,2417.0,10000,984,2951301
query_146,1,4,2764.0,2412.0,10002,958,2926524
query_146,1,5,2752.0,2417.0,10003,980,2918907
query_147,1,1,2510.0,2497.0,10001,2414,4783903
query_147,1,2,2510.0,2497.0,10003,1463,4830258
query_147,1,3,2509.0,2497.0,10001,1153,4731123
query_147,1,4,2508.0,2498.0,10003,1035,4667050
query_147,1,5,2507.0,2497.0,10000,1103,4716802
query_150,1,1,2504.0,2499.0,10002,2318,5207487
query_150,1,2,2503.0,2500.0,10003,1275,5184690
query_150,1,3,2501.0,2500.0,10003,991,5072530
query_150,1,4,2502.0,2499.0,10002,924,5071164
query_150,1,5,2503.0,2499.0,10002,1000,5051869
query_151,1,1,1675.0,1664.0,10001,2535,5144470
query_151,1,2,1673.0,1665.0,10000,1429,4988866
query_151,1,3,1670.0,1666.0,10005,1238,5054930
query_151,1,4,1671.0,1666.0,10004,1318,5040185
query_151,1,5,1672.0,1666.0,10005,1274,5285281
query_168,1,1,3317.0,99.0,10000,1076,788238
query_168,1,2,3346.0,86.0,10002,503,664881
query_168,1,3,3302.0,89.0,10002,420,887897
query_168,1,4,3282.0,112.0,10001,422,572345
query_168,1,5,3308.0,98.0,10002,399,291975
query_224,1,1,1540.0,824.0,10006,2429,2
query_224,1,2,1545.0,824.0,10009,1711,2
query_224,1,3,1496.0,830.0,10005,1469,2
query_224,1,4,1538.0,825.0,10004,1282,2
query_224,1,5,1497.0,830.0,10003,1335,2
query_255,1,1,2546.0,2485.0,10001,2705,36387014
query_255,1,2,2542.0,2486.0,10001,1394,36473596
query_255,1,3,2555.0,2482.0,10001,1173,36215067
query_255,1,4,2546.0,2485.0,10002,1143,36401650
query_255,1,5,2543.0,2486.0,10001,1170,36444600
query_256,1,1,1751.0,1646.0,10001,2216,29800874
query_256,1,2,1744.0,1649.0,10005,1151,30011420
query_256,1,3,1745.0,1648.0,10001,864,29957854
query_256,1,4,1738.0,1649.0,10004,908,30115027
query_256,1,5,1751.0,1645.0,10001,910,29818935
query_288,1,1,1293.0,1235.0,10000,2207,84103
query_288,1,2,1293.0,1235.0,10000,1105,89348
query_288,1,3,1297.0,1234.0,10002,935,85898
query_288,1,4,1292.0,1235.0,10006,857,91785
query_288,1,5,1295.0,1233.0,10000,863,94628
query_349,1,1,2575.0,2475.0,10000,2170,12320298
query_349,1,2,2586.0,2472.0,10002,1149,12060262
query_349,1,3,2584.0,2472.0,10000,886,11845527
query_349,1,4,2572.0,2477.0,10003,917,11126681
query_349,1,5,2575.0,2475.0,10001,936,11441378
query_351,1,1,2524.0,2493.0,10003,2088,8202764
query_351,1,2,2536.0,2488.0,10001,1278,8146778
query_351,1,3,2523.0,2493.0,10002,953,8200938
query_351,1,4,2537.0,2488.0,10002,912,8126060
query_351,1,5,2526.0,2491.0,10001,909,8212394
query_352,1,1,6284.0,1130.0,10002,1559,9885574
query_352,1,2,6236.0,1156.0,10000,831,9381117
query_352,1,3,6241.0,1157.0,10000,597,8220001
query_352,1,4,6271.0,1144.0,10002,531,9892310
query_352,1,5,6215.0,1152.0,10000,512,8985478
query_391,1,1,2569.0,2477.0,10002,4879,3359665
query_391,1,2,2560.0,2480.0,10000,2947,3458662
query_391,1,3,2556.0,2482.0,10002,2270,3410144
query_391,1,4,2563.0,2479.0,10001,1869,3402325
query_391,1,5,2564.0,2479.0,10001,1660,3429836
query_407,1,1,9864.0,44.0,10000,1208,424094
query_407,1,2,9897.0,34.0,10000,557,568204
query_407,1,3,9820.0,59.0,10000,544,669453
query_407,1,4,9815.0,60.0,10000,492,2263539
query_407,1,5,9818.0,60.0,10000,472,5988172
query_469,1,1,2501.0,2499.0,10000,2423,7303336
query_469,1,2,2500.0,2500.0,10000,1143,7303374
query_469,1,3,2501.0,2500.0,10002,1088,7300458
query_469,1,4,2501.0,2500.0,10002,1054,7300458
query_469,1,5,2500.0,2500.0,10000,1046,7306278
query_512,1,1,1254.0,1249.0,10002,2115,2884119
query_512,1,2,1254.0,1249.0,10004,1101,3056130
query_512,1,3,1252.0,1250.0,10004,975,2890469
query_512,1,4,1250.0,1250.0,10000,893,3003182
query_512,1,5,1253.0,1250.0,10006,897,2953550
query_520,1,1,2512.0,2496.0,10000,2538,34629302
query_520,1,2,2509.0,2498.0,10003,1470,34684621
query_520,1,3,2509.0,2497.0,10000,1167,34670725
query_520,1,4,2510.0,2497.0,10001,1139,34684671
query_520,1,5,2511.0,2497.0,10002,1213,34656978
query_545,1,1,2500.0,2500.0,10000,3021,37280216
query_545,1,2,2501.0,2500.0,10002,1897,37280216
query_545,1,3,2500.0,2500.0,10000,1752,37280216
query_545,1,4,2501.0,2500.0,10002,1597,37280216
query_545,1,5,2500.0,2500.0,10000,1691,37280216
query_547,1,1,2634.0,2453.0,10001,2645,460466
query_547,1,2,2645.0,2450.0,10002,1418,446590
query_547,1,3,2644.0,2448.0,10002,1105,408074
query_547,1,4,2627.0,2456.0,10001,940,481283
query_547,1,5,2640.0,2451.0,10003,1067,508675
query_548,1,1,2613.0,2462.0,10000,2477,2464109
query_548,1,2,2642.0,2453.0,10002,1536,2353715
query_548,1,3,2653.0,2448.0,10002,1344,2125196
query_548,1,4,2627.0,2458.0,10002,1079,2495749
query_548,1,5,2634.0,2455.0,10000,1241,4021203
query_595,1,1,2506.0,2499.0,10003,2570,5038940
query_595,1,2,2506.0,2498.0,10000,1333,5044700
query_595,1,3,2506.0,2498.0,10000,1304,5019320
query_595,1,4,2508.0,2497.0,10002,1137,5019266
query_595,1,5,2507.0,2498.0,10001,1268,5015377
query_613,1,1,6112.0,1296.0,10000,2063,3832482
query_613,1,2,6133.0,1289.0,10001,1159,3439650
query_613,1,3,6048.0,1317.0,10000,1151,4543753
query_613,1,4,6077.0,1308.0,10002,893,4333617
query_613,1,5,6265.0,1245.0,10000,968,4568616
query_629,1,1,2501.0,2500.0,10002,2314,9181486
query_629,1,2,2500.0,2500.0,10000,1350,9181487
query_629,1,3,2500.0,2500.0,10000,1077,9181487
query_629,1,4,2500.0,2500.0,10000,1038,9181487
query_629,1,5,2500.0,2500.0,10000,975,9181487
query_632,1,1,2563.0,2479.0,10000,2241,8010007
query_632,1,2,2557.0,2481.0,10000,1281,8039737
query_632,1,3,2569.0,2478.0,10003,954,7968986
query_632,1,4,2555.0,2482.0,10002,871,8023162
query_632,1,5,2573.0,2476.0,10001,978,8002678
query_633,1,1,2500.0,2500.0,10000,2220,31943862
query_633,1,2,2500.0,2500.0,10000,1265,31943862
query_633,1,3,2500.0,2500.0,10000,999,31920639
query_633,1,4,2500.0,2500.0,10000,991,31943862
query_633,1,5,2501.0,2500.0,10002,1039,31954560
query_637,1,1,9996.0,0.0,10000,877,0
query_637,1,2,9996.0,0.0,10000,444,0
query_637,1,3,9995.0,0.0,10000,342,0
query_637,1,4,9993.0,0.0,10000,338,0
query_637,1,5,9993.0,0.0,10000,339,0
query_638,1,1,1596.0,848.0,10004,1559,5
query_638,1,2,1593.0,855.0,10002,694,6
query_638,1,3,1599.0,857.0,10004,701,6
query_638,1,4,1580.0,870.0,10002,522,6
query_638,1,5,1609.0,848.0,10002,521,6
query_137,2,1,67899.0,2109.0,100000,5677,299755
query_137,2,2,67903.0,2129.0,100001,4293,288165
query_137,2,3,67907.0,2113.0,100000,4163,291178
query_137,2,4,67585.0,2151.0,100001,4459,307203
query_137,2,5,67739.0,2167.0,100000,4286,309968
query_138,2,1,66541.0,2470.0,100000,6099,391132
query_138,2,2,66590.0,2468.0,100001,4494,370871
query_138,2,3,66512.0,2479.0,100000,4642,370071
query_138,2,4,66315.0,2486.0,100001,4407,403015
query_138,2,5,66501.0,2492.0,100000,4406,392174
query_145,2,1,22764.0,15433.0,100000,10612,4955406
query_145,2,2,22770.0,15429.0,100004,9690,4953959
query_145,2,3,22681.0,15447.0,100002,9483,4980089
query_145,2,4,22823.0,15416.0,100004,9536,4942155
query_145,2,5,22628.0,15454.0,100004,9320,4994671
query_146,2,1,27634.0,24092.0,100000,9874,2904615
query_146,2,2,27673.0,24081.0,100003,8352,2938458
query_146,2,3,27619.0,24100.0,100001,8346,2910821
query_146,2,4,27633.0,24094.0,100002,8769,2940782
query_146,2,5,27723.0,24062.0,100002,8939,2926337
query_147,2,1,25101.0,24942.0,100002,12685,4796328
query_147,2,2,25104.0,24947.0,100000,10579,4778818
query_147,2,3,25095.0,24950.0,100002,9758,4784975
query_147,2,4,25088.0,24950.0,100001,9718,4756876
query_147,2,5,25092.0,24947.0,100002,10271,4810241
query_150,2,1,25064.0,24950.0,100000,10906,5133445
query_150,2,2,25039.0,24969.0,100001,9244,5113174
query_150,2,3,25059.0,24951.0,100000,8905,5111517
query_150,2,4,25050.0,24959.0,100002,9287,5068764
query_150,2,5,25060.0,24957.0,100003,9419,5076715
query_151,2,1,16739.0,16633.0,100003,11888,5114547
query_151,2,2,16736.0,16635.0,100000,11336,5082068
query_151,2,3,16733.0,16637.0,100003,11663,5059546
query_151,2,4,16744.0,16630.0,100003,11610,5055342
query_151,2,5,16736.0,16633.0,100000,11751,5042643
query_168,2,1,33145.0,942.0,100000,4889,657769
query_168,2,2,33096.0,972.0,100002,3494,677077
query_168,2,3,33126.0,972.0,100007,3537,595214
query_168,2,4,33142.0,968.0,100000,3529,644113
query_168,2,5,33063.0,988.0,100002,3483,471902
query_224,2,1,15544.0,8129.0,100001,11408,2
query_224,2,2,15505.0,8134.0,100004,12055,2
query_224,2,3,15338.0,8145.0,100000,11960,2
query_224,2,4,15353.0,8153.0,100007,11816,2
query_224,2,5,15368.0,8158.0,100008,11507,2
query_255,2,1,25455.0,24846.0,100003,12617,36402938
query_255,2,2,25523.0,24824.0,100002,10622,36269439
query_255,2,3,25508.0,24828.0,100002,10522,36300996
query_255,2,4,25505.0,24830.0,100003,11349,36305269
query_255,2,5,25495.0,24835.0,100002,12087,36318050
query_256,2,1,17445.0,16465.0,100003,9946,29959149
query_256,2,2,17437.0,16468.0,100000,8655,29978356
query_256,2,3,17440.0,16469.0,100004,8205,29964112
query_256,2,4,17468.0,16458.0,100003,8230,29912430
query_256,2,5,17436.0,16467.0,100001,8254,29974617
query_288,2,1,13086.0,12181.0,100004,9226,97147
query_288,2,2,13036.0,12206.0,100002,8353,93650
query_288,2,3,13046.0,12199.0,100002,8072,94577
query_288,2,4,13044.0,12201.0,100004,8156,93094
query_288,2,5,13045.0,12199.0,100006,7900,97367
query_349,2,1,25807.0,24722.0,100003,14241,11699014
query_349,2,2,25785.0,24729.0,100000,10975,11566506
query_349,2,3,25821.0,24719.0,100001,9548,11717821
query_349,2,4,25793.0,24724.0,100000,8889,11721861
query_349,2,5,25851.0,24708.0,100000,8556,11491995
query_351,2,1,25314.0,24882.0,100001,10347,8183325
query_351,2,2,25323.0,24881.0,100002,8932,8198246
query_351,2,3,25299.0,24890.0,100002,8831,8212180
query_351,2,4,25311.0,24880.0,100001,8425,8191107
query_351,2,5,25326.0,24877.0,100001,8861,8179892
query_352,2,1,66466.0,9209.0,100000,5844,9817109
query_352,2,2,66487.0,9195.0,100000,4447,9670035
query_352,2,3,66265.0,9294.0,100000,4337,9581526
query_352,2,4,66756.0,9089.0,100000,4301,9401214
query_352,2,5,66384.0,9189.0,100000,4278,9617215
query_391,2,1,25641.0,24756.0,100001,11213,3406174
query_391,2,2,25563.0,24784.0,100000,8676,3394849
query_391,2,3,25599.0,24775.0,100000,8640,3412302
query_391,2,4,25598.0,24772.0,100003,8609,3405006
query_391,2,5,25611.0,24766.0,100000,9473,3404052
query_407,2,1,98329.0,543.0,100000,5450,1958771
query_407,2,2,98442.0,506.0,100000,3756,9335386
query_407,2,3,98423.0,508.0,100000,3775,12846057
query_407,2,4,98420.0,512.0,100000,3695,8929838
query_407,2,5,98463.0,499.0,100000,3810,1050893
query_469,2,1,25015.0,24986.0,100002,10936,7303889
query_469,2,2,25024.0,24978.0,100003,9032,7303252
query_469,2,3,25025.0,24977.0,100002,8952,7302091
query_469,2,4,25022.0,24979.0,100000,9089,7302397
query_469,2,5,25020.0,24981.0,100002,8963,7301827
query_512,2,1,12537.0,12481.0,100000,9600,2984927
query_512,2,2,12545.0,12477.0,100000,8467,3003034
query_512,2,3,12541.0,12481.0,100004,8399,2958433
query_512,2,4,12540.0,12481.0,100004,8467,2990104
query_512,2,5,12538.0,12483.0,100006,8206,2976500
query_520,2,1,25100.0,24964.0,100001,12651,34669395
query_520,2,2,25094.0,24966.0,100002,11510,34683241
query_520,2,3,25093.0,24968.0,100003,11286,34681847
query_520,2,4,25071.0,24975.0,100001,10656,34713679
query_520,2,5,25101.0,24964.0,100002,11058,34670790
query_545,2,1,25007.0,24993.0,100000,14307,37280216
query_545,2,2,25006.0,24995.0,100002,15981,37280216
query_545,2,3,25003.0,24997.0,100000,15017,37280216
query_545,2,4,25003.0,24998.0,100002,14203,37280216
query_545,2,5,25004.0,24997.0,100002,15322,37280216
query_547,2,1,26697.0,24234.0,100002,12514,554053
query_547,2,2,26649.0,24252.0,100002,11020,550434
query_547,2,3,26693.0,24232.0,100000,10852,559421
query_547,2,4,26610.0,24273.0,100002,10647,556923
query_547,2,5,26662.0,24236.0,100001,11320,559161
query_548,2,1,26391.0,24502.0,100003,12123,3378959
query_548,2,2,26403.0,24495.0,100001,10637,3199041
query_548,2,3,26347.0,24518.0,100000,10548,3202258
query_548,2,4,26424.0,24495.0,100003,10745,3347956
query_548,2,5,26393.0,24503.0,100000,10477,3350964
query_595,2,1,25096.0,24946.0,100001,12930,5033924
query_595,2,2,25097.0,24947.0,100002,11133,5040968
query_595,2,3,25100.0,24943.0,100001,10973,5033701
query_595,2,4,25087.0,24951.0,100003,11221,5031465
query_595,2,5,25081.0,24958.0,100002,10464,5035788
query_613,2,1,61484.0,12814.0,100000,10495,4315104
query_613,2,2,61482.0,12813.0,100001,8886,4224689
query_613,2,3,61749.0,12728.0,100001,8759,4107447
query_613,2,4,61641.0,12764.0,100001,8600,4166329
query_613,2,5,61777.0,12721.0,100003,8173,4087220
query_629,2,1,25015.0,24985.0,100000,10554,9181483
query_629,2,2,25020.0,24980.0,100000,9740,9181482
query_629,2,3,25017.0,24984.0,100002,9711,9181483
query_629,2,4,25011.0,24989.0,100000,9877,9181484
query_629,2,5,25021.0,24980.0,100002,9697,9181850
query_632,2,1,25641.0,24775.0,100003,10869,7999682
query_632,2,2,25698.0,24753.0,100003,8890,7973817
query_632,2,3,25652.0,24770.0,100001,8538,7988980
query_632,2,4,25691.0,24758.0,100000,8608,7982060
query_632,2,5,25715.0,24749.0,100001,8767,7963867
query_633,2,1,25008.0,24993.0,100002,11369,31943423
query_633,2,2,25006.0,24995.0,100002,9811,31928641
query_633,2,3,25006.0,24995.0,100002,9567,31940337
query_633,2,4,25004.0,24997.0,100002,9706,31932584
query_633,2,5,25002.0,24998.0,100000,9792,31941086
query_637,2,1,99948.0,0.0,100000,4135,0
query_637,2,2,99955.0,0.0,100000,3262,0
query_637,2,3,99967.0,0.0,100000,3180,0
query_637,2,4,99935.0,1.0,100000,3335,958
query_637,2,5,99965.0,0.0,100000,3500,0
query_638,2,1,19103.0,5631.0,100002,5780,4
query_638,2,2,19152.0,5554.0,100002,3889,4
query_638,2,3,19084.0,5628.0,100000,3947,4
query_638,2,4,19150.0,5580.0,100002,3837,4
query_638,2,5,19069.0,5638.0,100000,3860,4
query_137,3,1,693495.0,16183.0,1000000,44105,288522
query_137,3,2,693650.0,16180.0,1000000,42433,281060
query_137,3,3,693331.0,16178.0,1000000,41192,280517
query_137,3,4,693933.0,16112.0,1000000,40754,282345
query_137,3,5,693812.0,16145.0,1000000,40024,291221
query_138,3,1,681863.0,19079.0,1000000,42592,366453
query_138,3,2,682220.0,19039.0,1000000,40700,357148
query_138,3,3,681746.0,19075.0,1000000,40105,359460
query_138,3,4,682258.0,19002.0,1000000,40808,360898
query_138,3,5,682444.0,18967.0,1000000,40410,368779
query_145,3,1,228823.0,153168.0,1000000,91131,4964726
query_145,3,2,228412.0,153240.0,1000003,101514,4978921
query_145,3,3,228751.0,153182.0,1000003,96322,4967582
query_145,3,4,228661.0,153208.0,1000002,93604,4968814
query_145,3,5,228806.0,153175.0,1000000,98517,4966391
query_146,3,1,281409.0,236315.0,1000002,88742,2948349
query_146,3,2,281697.0,236207.0,1000001,88938,2947414
query_146,3,3,281404.0,236309.0,1000002,85426,2948167
query_146,3,4,281775.0,236165.0,1000002,87348,2943908
query_146,3,5,281228.0,236369.0,1000001,87548,2947981
query_147,3,1,253957.0,246501.0,1000002,105297,4853221
query_147,3,2,253864.0,246567.0,1000000,106156,4834228
query_147,3,3,253918.0,246533.0,1000000,103341,4850147
query_147,3,4,253915.0,246507.0,1000001,102066,4838438
query_147,3,5,253964.0,246490.0,1000001,100091,4848199
query_150,3,1,253457.0,246676.0,1000001,92271,5149284
query_150,3,2,253521.0,246604.0,1000000,92856,5144137
query_150,3,3,253462.0,246670.0,1000001,93245,5148387
query_150,3,4,253474.0,246643.0,1000003,92815,5140689
query_150,3,5,253532.0,246590.0,1000003,90043,5144671
query_151,3,1,168706.0,165022.0,1000003,100864,5108494
query_151,3,2,168706.0,165029.0,1000002,98326,5105368
query_151,3,3,168705.0,165063.0,1000005,96741,5121435
query_151,3,4,168721.0,165020.0,1000005,92919,5103212
query_151,3,5,168699.0,165049.0,1000000,89593,5106246
query_168,3,1,332917.0,8528.0,1000000,34928,582315
query_168,3,2,332667.0,8535.0,1000006,33472,570124
query_168,3,3,332777.0,8442.0,1000004,33551,565921
query_168,3,4,332501.0,8603.0,1000000,33773,563307
query_168,3,5,332650.0,8570.0,1000002,33722,534970
query_224,3,1,167273.0,74271.0,1000008,99595,2
query_224,3,2,167605.0,74226.0,1000003,102070,2
query_224,3,3,167223.0,74290.0,1000002,91347,2
query_224,3,4,167115.0,74330.0,1000009,88120,2
query_224,3,5,167238.0,74255.0,1000002,84799,2
query_255,3,1,255295.0,247958.0,1000001,108822,36330237
query_255,3,2,255358.0,247930.0,1000003,102746,36320538
query_255,3,3,255229.0,247980.0,1000002,107034,36343135
query_255,3,4,255274.0,247972.0,1000001,101076,36332190
query_255,3,5,255218.0,247994.0,1000003,104428,36342496
query_256,3,1,174697.0,164436.0,1000005,83193,29957058
query_256,3,2,174780.0,164420.0,1000001,84742,29941204
query_256,3,3,174558.0,164493.0,1000004,82313,29984743
query_256,3,4,174659.0,164484.0,1000000,81904,29959589
query_256,3,5,174745.0,164447.0,1000002,85764,29949744
query_288,3,1,144517.0,108231.0,1000000,71611,167680
query_288,3,2,144537.0,108221.0,1000000,70123,167634
query_288,3,3,144570.0,108155.0,1000000,68645,166822
query_288,3,4,144508.0,108161.0,1000004,64843,167990
query_288,3,5,144579.0,108106.0,1000004,63816,167786
query_349,3,1,259281.0,246044.0,1000002,84513,11937952
query_349,3,2,259352.0,246014.0,1000001,83577,11961681
query_349,3,3,259424.0,245970.0,1000000,84789,11927747
query_349,3,4,259441.0,245985.0,1000001,83302,11927642
query_349,3,5,259410.0,245986.0,1000003,81474,11918523
query_351,3,1,254911.0,247092.0,1000000,97135,8188424
query_351,3,2,255008.0,247076.0,1000003,87272,8186155
query_351,3,3,254887.0,247114.0,1000002,86812,8186325
query_351,3,4,254861.0,247153.0,1000001,86335,8182902
query_351,3,5,255011.0,247037.0,1000003,84890,8185870
query_352,3,1,685848.0,79096.0,1000000,46706,10307067
query_352,3,2,687222.0,78677.0,1000000,46214,10274685
query_352,3,3,685713.0,79156.0,1000001,41739,10201835
query_352,3,4,686075.0,79016.0,1000001,42552,10295180
query_352,3,5,686491.0,78733.0,1000001,44407,10372434
query_391,3,1,260076.0,243647.0,1000001,88646,3448087
query_391,3,2,260161.0,243654.0,1000000,89349,3447676
query_391,3,3,260104.0,243610.0,1000002,89082,3447777
query_391,3,4,260064.0,243707.0,1000003,86638,3450425
query_391,3,5,260180.0,243640.0,1000003,83593,3448916
query_407,3,1,984979.0,4763.0,1000000,42882,6924527
query_407,3,2,985139.0,4713.0,1000000,38056,73109502
query_407,3,3,985391.0,4611.0,1000000,36379,23357258
query_407,3,4,985235.0,4681.0,1000000,36070,16301464
query_407,3,5,985028.0,4752.0,1000000,37884,71660818
query_469,3,1,252131.0,247871.0,1000000,85996,7304044
query_469,3,2,252148.0,247857.0,1000000,84117,7303547
query_469,3,3,252111.0,247892.0,1000001,84092,7303558
query_469,3,4,252126.0,247880.0,1000003,85851,7303927
query_469,3,5,252110.0,247896.0,1000003,83578,7303599
query_512,3,1,126416.0,123773.0,1000006,80189,3004423
query_512,3,2,126396.0,123797.0,1000004,80442,3008040
query_512,3,3,126443.0,123767.0,1000000,76813,3000824
query_512,3,4,126450.0,123749.0,1000004,75700,2997724
query_512,3,5,126367.0,123802.0,1000006,73647,2999170
query_520,3,1,251327.0,249274.0,1000003,108420,34681109
query_520,3,2,251306.0,249271.0,1000000,105147,34689282
query_520,3,3,251289.0,249280.0,1000000,104610,34690934
query_520,3,4,251306.0,249256.0,1000000,103350,34692189
query_520,3,5,251371.0,249242.0,1000003,105306,34680729
query_545,3,1,250401.0,249599.0,1000000,121442,37280216
query_545,3,2,250428.0,249572.0,1000000,115560,37280216
query_545,3,3,250432.0,249568.0,1000000,102136,37280216
query_545,3,4,250422.0,249578.0,1000000,95133,37280216
query_545,3,5,250427.0,249573.0,1000000,94762,37280216
query_547,3,1,276097.0,233223.0,1000000,99534,1802032
query_547,3,2,276142.0,233182.0,1000001,103584,1802444
query_547,3,3,276132.0,233205.0,1000001,101227,1803235
query_547,3,4,276133.0,233209.0,1000000,105415,1802786
query_547,3,5,276089.0,233181.0,1000000,103387,1802773
query_548,3,1,267134.0,241988.0,1000001,101762,4825953
query_548,3,2,267072.0,242090.0,1000001,99263,4847322
query_548,3,3,267340.0,241940.0,1000000,110953,4819338
query_548,3,4,267227.0,241998.0,1000003,106999,4839686
query_548,3,5,267294.0,241946.0,1000001,103669,4836294
query_595,3,1,253748.0,246680.0,1000002,109491,5036836
query_595,3,2,253717.0,246689.0,1000001,107660,5037419
query_595,3,3,253698.0,246729.0,1000001,106504,5033023
query_595,3,4,253791.0,246661.0,1000000,106479,5034287
query_595,3,5,253806.0,246628.0,1000001,108914,5033045
query_613,3,1,622419.0,124042.0,1000000,84484,4525546
query_613,3,2,622463.0,123942.0,1000000,79584,4328282
query_613,3,3,621415.0,124298.0,1000002,77312,4419997
query_613,3,4,621305.0,124378.0,1000002,78671,4398249
query_613,3,5,621808.0,124211.0,1000000,77925,4510176
query_629,3,1,251675.0,248326.0,1000002,90442,9181509
query_629,3,2,251758.0,248242.0,1000000,91576,9181499
query_629,3,3,251690.0,248311.0,1000002,86341,9181538
query_629,3,4,251705.0,248295.0,1000000,86970,9181546
query_629,3,5,251764.0,248236.0,1000000,84302,9181577
query_632,3,1,258709.0,245788.0,1000001,87545,7981779
query_632,3,2,258512.0,245917.0,1000001,85610,7984504
query_632,3,3,258569.0,245864.0,1000001,83770,7982328
query_632,3,4,258495.0,245899.0,1000002,83639,7990784
query_632,3,5,258592.0,245814.0,1000000,84365,7992293
query_633,3,1,250463.0,249538.0,1000002,98906,31938098
query_633,3,2,250513.0,249488.0,1000002,92956,31936762
query_633,3,3,250484.0,249516.0,1000000,94453,31938080
query_633,3,4,250505.0,249496.0,1000002,94413,31935865
query_633,3,5,250469.0,249531.0,1000000,93617,31939921
query_637,3,1,999558.0,1.0,1000000,33841,96
query_637,3,2,999533.0,4.0,1000000,34332,878
query_637,3,3,999556.0,1.0,1000000,33956,96
query_637,3,4,999563.0,1.0,1000000,33680,11
query_637,3,5,999542.0,0.0,1000000,33862,0
query_638,3,1,236641.0,12861.0,1000002,22900,3
query_638,3,2,236667.0,12825.0,1000000,20578,3
query_638,3,3,236625.0,12861.0,1000002,20085,3
query_638,3,4,236645.0,12853.0,1000002,20096,3
query_638,3,5,236618.0,12856.0,1000000,20323,3
query_137,4,1,3781.0,124.0,10000,1061,296270
query_137,4,2,3723.0,125.0,10033,454,292623
query_137,4,3,3609.0,129.0,10029,377,264999
query_137,4,4,3532.0,131.0,10038,367,303500
query_137,4,5,3888.0,119.0,10000,374,335789
query_138,4,1,3593.0,130.0,10000,1116,479856
query_138,4,2,3474.0,133.0,10033,481,329212
query_138,4,3,3197.0,142.0,10029,364,384177
query_138,4,4,3271.0,140.0,10038,366,313037
query_138,4,5,3452.0,133.0,10000,349,625349
query_145,4,1,441.0,299.0,10010,1149,4953690
query_145,4,2,420.0,300.0,10021,503,5218770
query_145,4,3,429.0,300.0,10029,417,5109285
query_145,4,4,416.0,300.0,10016,379,5255973
query_145,4,5,415.0,300.0,10015,373,5281647
query_146,4,1,521.0,452.0,10013,1108,2918338
query_146,4,2,514.0,452.0,10006,431,2729847
query_146,4,3,513.0,452.0,10005,466,2847357
query_146,4,4,531.0,451.0,10002,361,2815593
query_146,4,5,522.0,452.0,10014,350,2938936
query_147,4,1,456.0,455.0,10011,1194,4661006
query_147,4,2,460.0,455.0,10015,497,4903723
query_147,4,3,455.0,455.0,10010,448,4739693
query_147,4,4,456.0,455.0,10011,470,5010732
query_147,4,5,455.0,455.0,10010,409,5034771
query_150,4,1,455.0,455.0,10010,1209,5050599
query_150,4,2,456.0,455.0,10011,423,4975428
query_150,4,3,455.0,455.0,10011,419,5248209
query_150,4,4,455.0,455.0,10010,389,5102906
query_150,4,5,455.0,455.0,10010,355,5192454
query_151,4,1,303.0,303.0,10000,1186,4971739
query_151,4,2,304.0,303.0,10000,504,5248654
query_151,4,3,305.0,303.0,10002,500,4624244
query_151,4,4,304.0,304.0,10032,429,5551545
query_151,4,5,305.0,303.0,10001,388,4922219
query_168,4,1,2389.0,77.0,10020,1110,1075774
query_168,4,2,2546.0,66.0,10000,449,527194
query_168,4,3,2404.0,75.0,10002,380,1228768
query_168,4,4,2326.0,81.0,10016,386,785979
query_168,4,5,2347.0,79.0,10000,361,251414
query_224,4,1,333.0,179.0,10034,1240,8
query_224,4,2,337.0,179.0,10044,542,13
query_224,4,3,353.0,178.0,10026,455,12
query_224,4,4,316.0,179.0,10026,487,11
query_224,4,5,311.0,179.0,10016,566,11
query_255,4,1,471.0,454.0,10005,1231,35934646
query_255,4,2,467.0,454.0,10001,489,36242437
query_255,4,3,466.0,455.0,10021,459,36400211
query_255,4,4,462.0,455.0,10017,465,36715364
query_255,4,5,465.0,455.0,10020,407,36478491
query_256,4,1,323.0,303.0,10028,1097,29775048
query_256,4,2,316.0,303.0,10017,448,30434622
query_256,4,3,323.0,303.0,10027,414,29775048
query_256,4,4,316.0,303.0,10015,367,30434622
query_256,4,5,320.0,303.0,10017,307,30054189
query_288,4,1,240.0,227.0,10016,1118,83544
query_288,4,2,234.0,227.0,10002,404,66723
query_288,4,3,236.0,227.0,10006,331,95388
query_288,4,4,233.0,227.0,10000,332,108918
query_288,4,5,235.0,227.0,10008,297,82703
query_349,4,1,472.0,454.0,10006,1149,12672842
query_349,4,2,473.0,454.0,10007,403,11961180
query_349,4,3,475.0,454.0,10009,390,10741835
query_349,4,4,466.0,455.0,10021,364,11727812
query_349,4,5,466.0,454.0,10000,374,11614662
query_351,4,1,460.0,455.0,10015,1070,8415110
query_351,4,2,466.0,454.0,10000,382,8130461
query_351,4,3,461.0,455.0,10016,377,8169891
query_351,4,4,461.0,455.0,10016,345,8000593
query_351,4,5,463.0,455.0,10018,327,8115201
query_352,4,1,1970.0,381.0,10020,1140,7971450
query_352,4,2,1929.0,382.0,10004,411,12000785
query_352,4,3,1923.0,382.0,10003,419,6002928
query_352,4,4,1943.0,382.0,10019,339,6835519
query_352,4,5,1898.0,384.0,10006,363,8342416
query_391,4,1,472.0,454.0,10006,2180,3530103
query_391,4,2,466.0,455.0,10021,1172,3479922
query_391,4,3,463.0,455.0,10018,1192,3460464
query_391,4,4,467.0,454.0,10001,1092,3503392
query_391,4,5,468.0,454.0,10002,995,3529637
query_407,4,1,9114.0,42.0,10000,1185,532197
query_407,4,2,9326.0,32.0,10000,521,740397
query_407,4,3,8924.0,51.0,10000,494,671374
query_407,4,4,8893.0,53.0,10009,479,2762091
query_407,4,5,8800.0,57.0,10000,504,6465252
query_469,4,1,455.0,455.0,10010,1122,7306278
query_469,4,2,455.0,455.0,10010,428,7290532
query_469,4,3,455.0,455.0,10010,425,7306278
query_469,4,4,455.0,455.0,10010,357,7306278
query_469,4,5,455.0,455.0,10010,317,7306278
query_512,4,1,228.0,228.0,10032,1056,2945765
query_512,4,2,229.0,228.0,10034,506,2898662
query_512,4,3,228.0,228.0,10032,387,2936171
query_512,4,4,228.0,228.0,10032,391,3117917
query_512,4,5,228.0,228.0,10032,409,3242800
query_520,4,1,456.0,455.0,10011,1244,34788789
query_520,4,2,457.0,455.0,10012,510,34712665
query_520,4,3,457.0,455.0,10012,493,34712665
query_520,4,4,457.0,455.0,10012,414,34712665
query_520,4,5,457.0,455.0,10012,373,34712665
query_545,4,1,455.0,455.0,10010,1589,37280216
query_545,4,2,455.0,455.0,10010,809,37280216
query_545,4,3,455.0,455.0,10010,842,37280216
query_545,4,4,455.0,455.0,10010,857,37280216
query_545,4,5,455.0,455.0,10010,712,37280216
query_547,4,1,480.0,454.0,10014,1156,373789
query_547,4,2,486.0,454.0,10020,479,555826
query_547,4,3,485.0,454.0,10019,497,392311
query_547,4,4,485.0,454.0,10019,428,334138
query_547,4,5,496.0,453.0,10009,418,609523
query_548,4,1,486.0,453.0,10000,1218,3378770
query_548,4,2,495.0,453.0,10008,494,2168926
query_548,4,3,495.0,453.0,10008,481,1973350
query_548,4,4,484.0,454.0,10018,437,1331403
query_548,4,5,485.0,454.0,10019,406,2073378
query_595,4,1,457.0,455.0,10012,1242,5041901
query_595,4,2,457.0,455.0,10012,471,5009787
query_595,4,3,457.0,455.0,10012,429,4988604
query_595,4,4,457.0,455.0,10012,400,5031151
query_595,4,5,457.0,455.0,10013,397,5042208
query_613,4,1,1726.0,394.0,10000,1329,3794045
query_613,4,2,1897.0,386.0,10004,540,4971949
query_613,4,3,1784.0,392.0,10017,482,3907953
query_613,4,4,1831.0,390.0,10021,543,4708686
query_613,4,5,1906.0,386.0,10013,481,4240000
query_629,4,1,455.0,455.0,10010,1092,9181487
query_629,4,2,455.0,455.0,10010,436,9181487
query_629,4,3,455.0,455.0,10010,435,9181487
query_629,4,4,455.0,455.0,10010,397,9181487
query_629,4,5,455.0,455.0,10010,360,9181487
query_632,4,1,475.0,454.0,10009,1065,7909148
query_632,4,2,471.0,454.0,10005,426,8118295
query_632,4,3,464.0,455.0,10019,389,8021092
query_632,4,4,466.0,455.0,10021,353,8074330
query_632,4,5,468.0,454.0,10002,362,8044923
query_633,4,1,455.0,455.0,10010,1089,31943862
query_633,4,2,455.0,455.0,10010,475,31943862
query_633,4,3,455.0,455.0,10010,418,31943862
query_633,4,4,455.0,455.0,10010,364,31943862
query_633,4,5,455.0,455.0,10010,365,31943862
query_637,4,1,9996.0,0.0,10000,918,0
query_637,4,2,9996.0,0.0,10000,414,0
query_637,4,3,9995.0,0.0,10000,333,0
query_637,4,4,9993.0,0.0,10000,332,0
query_637,4,5,9993.0,0.0,10000,390,0
query_638,4,1,326.0,216.0,10020,927,36
query_638,4,2,336.0,215.0,10028,298,39
query_638,4,3,320.0,216.0,10004,291,46
query_638,4,4,321.0,217.0,10036,296,42
query_638,4,5,317.0,217.0,10024,256,55
query_137,5,1,38082.0,1216.0,100000,4313,305921
query_137,5,2,37889.0,1223.0,100037,3166,275892
query_137,5,3,37868.0,1225.0,100000,3044,297374
query_137,5,4,37490.0,1232.0,100022,3024,325705
query_137,5,5,37726.0,1230.0,100021,3141,320823
query_138,5,1,34557.0,1329.0,100000,4584,424931
query_138,5,2,34296.0,1337.0,100003,3150,353551
query_138,5,3,34876.0,1320.0,100006,3145,368947
query_138,5,4,34091.0,1339.0,100000,3330,400484
query_138,5,5,34313.0,1338.0,100000,3176,412406
query_145,5,1,4281.0,2992.0,100032,4421,5100290
query_145,5,2,4430.0,2987.0,100027,3306,4926378
query_145,5,3,4344.0,2989.0,100002,3129,5028464
query_145,5,4,4499.0,2985.0,100025,3034,4847575
query_145,5,5,4382.0,2988.0,100007,3148,4964245
query_146,5,1,5189.0,4515.0,100005,4688,2883253
query_146,5,2,5177.0,4516.0,100014,3232,2914962
query_146,5,3,5162.0,4516.0,100000,3125,2894560
query_146,5,4,5205.0,4514.0,100003,3536,2925885
query_146,5,5,5158.0,4517.0,100018,3172,3010440
query_147,5,1,4566.0,4545.0,100015,4910,4772802
query_147,5,2,4571.0,4544.0,100001,3559,4695072
query_147,5,3,4566.0,4545.0,100015,3382,4700786
query_147,5,4,4556.0,4545.0,100003,3581,4946169
query_147,5,5,4563.0,4545.0,100010,3282,4733488
query_150,5,1,4555.0,4545.0,100007,4585,4969562
query_150,5,2,4550.0,4545.0,100001,2991,5092704
query_150,5,3,4551.0,4546.0,100020,3279,5197521
query_150,5,4,4552.0,4545.0,100001,3015,5033426
query_150,5,5,4553.0,4545.0,100003,3008,5071812
query_151,5,1,3040.0,3030.0,100004,4364,5102376
query_151,5,2,3047.0,3030.0,100015,3087,5088498
query_151,5,3,3040.0,3030.0,100004,3091,5109254
query_151,5,4,3037.0,3030.0,100005,3393,4981769
query_151,5,5,3038.0,3030.0,100002,3098,5046064
query_168,5,1,24351.0,734.0,100036,4139,755203
query_168,5,2,24258.0,737.0,100002,2995,753257
query_168,5,3,24275.0,739.0,100000,2981,602079
query_168,5,4,24552.0,719.0,100018,2938,638011
query_168,5,5,24369.0,734.0,100002,2978,442341
query_224,5,1,3269.0,1782.0,100000,4978,12
query_224,5,2,3330.0,1780.0,100046,4263,13
query_224,5,3,3259.0,1782.0,100022,4503,14
query_224,5,4,3302.0,1781.0,100013,4799,12
query_224,5,5,3374.0,1779.0,100033,4519,12
query_255,5,1,4658.0,4541.0,100019,4762,36343809
query_255,5,2,4645.0,4541.0,100006,3626,36445524
query_255,5,3,4647.0,4541.0,100008,3508,36429839
query_255,5,4,4652.0,4541.0,100013,3435,36390684
query_255,5,5,4660.0,4541.0,100021,3509,36328210
query_256,5,1,3188.0,3025.0,100032,4529,30107586
query_256,5,2,3190.0,3024.0,100006,3211,30088703
query_256,5,3,3221.0,3024.0,100030,3173,29799119
query_256,5,4,3216.0,3024.0,100025,3475,29845449
query_256,5,5,3226.0,3023.0,100009,3232,29743095
query_288,5,1,2366.0,2268.0,100012,4023,88126
query_288,5,2,2368.0,2268.0,100028,2853,87720
query_288,5,3,2379.0,2268.0,100028,2643,82803
query_288,5,4,2376.0,2267.0,100000,2620,87389
query_288,5,5,2375.0,2268.0,100032,2815,85773
query_349,5,1,4706.0,4538.0,100005,4606,11800341
query_349,5,2,4708.0,4538.0,100008,3100,12015526
query_349,5,3,4730.0,4537.0,100008,2938,10695872
query_349,5,4,4721.0,4538.0,100019,3292,12153423
query_349,5,5,4733.0,4537.0,100011,3076,11537935
query_351,5,1,4612.0,4543.0,100016,4561,8158440
query_351,5,2,4611.0,4543.0,100014,3216,8259726
query_351,5,3,4618.0,4542.0,100001,3450,8184026
query_351,5,4,4623.0,4542.0,100006,3019,8146325
query_351,5,5,4611.0,4543.0,100014,2982,8170588
query_352,5,1,22871.0,3595.0,100017,4102,10121633
query_352,5,2,23395.0,3566.0,100011,2646,9812912
query_352,5,3,23163.0,3575.0,100021,2574,9949526
query_352,5,4,23516.0,3557.0,100000,2862,9767886
query_352,5,5,23226.0,3571.0,100003,2590,9386247
query_391,5,1,4680.0,4539.0,100003,5289,3415284
query_391,5,2,4674.0,4540.0,100014,4070,3315258
query_391,5,3,4669.0,4540.0,100012,3628,3406023
query_391,5,4,4691.0,4539.0,100014,3538,3401942
query_391,5,5,4677.0,4540.0,100019,3279,3473895
query_407,5,1,89383.0,503.0,100000,5448,2277765
query_407,5,2,90234.0,463.0,100000,3732,11665649
query_407,5,3,90304.0,460.0,100014,3680,15315583
query_407,5,4,89949.0,476.0,100000,3853,10961028
query_407,5,5,90373.0,456.0,100000,3590,1239032
query_469,5,1,4546.0,4546.0,100012,4821,7301506
query_469,5,2,4547.0,4546.0,100014,3344,7301486
query_469,5,3,4549.0,4546.0,100017,3237,7303048
query_469,5,4,4547.0,4546.0,100014,3431,7299894
query_469,5,5,4548.0,4546.0,100015,3178,7296720
query_512,5,1,2276.0,2273.0,100018,3835,3001169
query_512,5,2,2280.0,2273.0,100028,2612,3021014
query_512,5,3,2279.0,2273.0,100026,2736,2858050
query_512,5,4,2284.0,2273.0,100036,2881,2990281
query_512,5,5,2282.0,2273.0,100032,2793,2907707
query_520,5,1,4562.0,4545.0,100007,5122,34720047
query_520,5,2,4569.0,4545.0,100015,3468,34651618
query_520,5,3,4565.0,4545.0,100010,3527,34689600
query_520,5,4,4560.0,4545.0,100006,3433,34742917
query_520,5,5,4562.0,4545.0,100007,3474,34720047
query_545,5,1,4546.0,4546.0,100012,4647,37280216
query_545,5,2,4546.0,4546.0,100012,3330,37280216
query_545,5,3,4546.0,4546.0,100012,3247,37280216
query_545,5,4,4547.0,4546.0,100014,4849,37280216
query_545,5,5,4546.0,4546.0,100012,5096,37280216
query_547,5,1,4869.0,4529.0,100005,5044,432192
query_547,5,2,4877.0,4529.0,100001,3793,479275
query_547,5,3,4867.0,4529.0,100007,3792,487721
query_547,5,4,4843.0,4531.0,100012,3478,462919
query_547,5,5,4876.0,4529.0,100000,3389,429476
query_548,5,1,4887.0,4529.0,100001,5490,2952099
query_548,5,2,4860.0,4531.0,100014,3800,2413657
query_548,5,3,4871.0,4530.0,100005,3752,3363573
query_548,5,4,4863.0,4531.0,100020,3722,3051609
query_548,5,5,4852.0,4531.0,100010,3565,2657146
query_595,5,1,4565.0,4545.0,100013,4842,5035357
query_595,5,2,4560.0,4545.0,100006,3490,5015106
query_595,5,3,4565.0,4545.0,100013,3197,5051534
query_595,5,4,4570.0,4545.0,100020,3472,5011730
query_595,5,5,4566.0,4545.0,100016,3173,5039696
query_613,5,1,18656.0,3873.0,100002,5478,4237593
query_613,5,2,18428.0,3884.0,100000,4007,4736189
query_613,5,3,18420.0,3885.0,100009,4007,3965043
query_613,5,4,18736.0,3870.0,100018,4061,3989386
query_613,5,5,18547.0,3879.0,100012,3883,4369020
query_629,5,1,4548.0,4546.0,100016,4587,9181487
query_629,5,2,4546.0,4546.0,100012,3270,9181487
query_629,5,3,4548.0,4546.0,100016,3126,9181487
query_629,5,4,4548.0,4546.0,100016,3486,9181485
query_629,5,5,4546.0,4546.0,100012,3142,9181487
query_632,5,1,4682.0,4539.0,100001,4566,7968784
query_632,5,2,4690.0,4539.0,100010,3205,7979542
query_632,5,3,4707.0,4538.0,100006,3529,7996400
query_632,5,4,4708.0,4538.0,100008,3114,7957620
query_632,5,5,4703.0,4538.0,100003,3053,7918122
query_633,5,1,4546.0,4546.0,100012,4527,31943862
query_633,5,2,4546.0,4546.0,100012,3287,31918209
query_633,5,3,4546.0,4546.0,100012,3332,31943862
query_633,5,4,4546.0,4546.0,100012,3215,31937413
query_633,5,5,4546.0,4546.0,100012,3156,31937469
query_637,5,1,99948.0,0.0,100000,4344,0
query_637,5,2,99955.0,0.0,100000,3321,0
query_637,5,3,99967.0,0.0,100000,3391,0
query_637,5,4,99899.0,1.0,100000,3554,958
query_637,5,5,99965.0,0.0,100000,3286,0
query_638,5,1,4724.0,2015.0,100022,3520,31
query_638,5,2,4659.0,2024.0,100016,2323,33
query_638,5,3,4583.0,2028.0,100000,2213,32
query_638,5,4,4755.0,2014.0,100036,2354,33
query_638,5,5,4670.0,2022.0,100026,2303,32
query_137,6,1,417890.0,10910.0,1000010,32749,284363
query_137,6,2,419966.0,10837.0,1000038,30689,285267
query_137,6,3,418868.0,10882.0,1000027,30404,282266
query_137,6,4,421155.0,10811.0,1000009,30042,280555
query_137,6,5,422812.0,10757.0,1000000,30371,289877
query_138,6,1,380863.0,12095.0,1000010,32134,368944
query_138,6,2,385258.0,11956.0,1000038,30187,364097
query_138,6,3,382995.0,12032.0,1000027,30048,366254
query_138,6,4,385391.0,11961.0,1000009,31285,357082
query_138,6,5,384306.0,11985.0,1000000,31153,376763
query_145,6,1,43933.0,29869.0,1000024,40577,4979974
query_145,6,2,44206.0,29859.0,1000016,39152,4949728
query_145,6,3,44122.0,29863.0,1000005,36892,4957378
query_145,6,4,44295.0,29858.0,1000025,36415,4937978
query_145,6,5,44119.0,29862.0,1000004,36546,4958644
query_146,6,1,52015.0,45126.0,1000010,33427,2913748
query_146,6,2,52094.0,45124.0,1000021,31118,2926901
query_146,6,3,52094.0,45122.0,1000000,30180,2909714
query_146,6,4,52134.0,45121.0,1000008,30059,2929489
query_146,6,5,52053.0,45126.0,1000018,30263,2922343
query_147,6,1,45783.0,45430.0,1000018,34937,4790629
query_147,6,2,45797.0,45428.0,1000001,34046,4781953
query_147,6,3,45783.0,45430.0,1000018,33285,4789204
query_147,6,4,45809.0,45428.0,1000020,33452,4791814
query_147,6,5,45807.0,45428.0,1000009,33125,4816355
query_150,6,1,45738.0,45428.0,1000008,30786,5076584
query_150,6,2,45705.0,45432.0,1000016,29212,5086809
query_150,6,3,45711.0,45431.0,1000017,28621,5109403
query_150,6,4,45700.0,45432.0,1000012,28874,5103636
query_150,6,5,45694.0,45433.0,1000019,29109,5101566
query_151,6,1,30524.0,30288.0,1000016,37371,5103593
query_151,6,2,30524.0,30289.0,1000027,35728,5112700
query_151,6,3,30531.0,30288.0,1000015,34239,5064042
query_151,6,4,30548.0,30287.0,1000023,34274,5078196
query_151,6,5,30558.0,30286.0,1000014,34230,5115123
query_168,6,1,252782.0,6664.0,1000000,32153,606739
query_168,6,2,252289.0,6681.0,1000002,30209,572406
query_168,6,3,253115.0,6624.0,1000001,29812,592859
query_168,6,4,251968.0,6709.0,1000001,29214,558197
query_168,6,5,252465.0,6679.0,1000002,29321,533631
query_224,6,1,34935.0,17689.0,1000017,59084,12
query_224,6,2,34462.0,17704.0,1000009,52051,12
query_224,6,3,34788.0,17694.0,1000023,50769,12
query_224,6,4,34881.0,17695.0,1000005,46528,12
query_224,6,5,34735.0,17698.0,1000029,44539,12
query_255,6,1,46591.0,45399.0,1000000,37019,36350417
query_255,6,2,46600.0,45400.0,1000018,34660,36334602
query_255,6,3,46633.0,45397.0,1000004,34464,36319272
query_255,6,4,46595.0,45400.0,1000021,36124,36344900
query_255,6,5,46532.0,45402.0,1000007,35152,36401304
query_256,6,1,32055.0,30235.0,1000023,31207,29947164
query_256,6,2,32010.0,30237.0,1000013,28873,29992238
query_256,6,3,32052.0,30236.0,1000013,28337,29945021
query_256,6,4,32072.0,30235.0,1000013,28393,29929313
query_256,6,5,32020.0,30237.0,1000022,29710,29985844
query_288,6,1,24747.0,22572.0,1000024,34211,101144
query_288,6,2,24721.0,22574.0,1000006,32046,103218
query_288,6,3,24653.0,22579.0,1000036,31398,101329
query_288,6,4,24706.0,22574.0,1000034,30196,100995
query_288,6,5,24698.0,22578.0,1000038,29618,101952
query_349,6,1,47378.0,45359.0,1000006,30405,11707772
query_349,6,2,47459.0,45357.0,1000014,28758,11704972
query_349,6,3,47337.0,45362.0,1000011,27802,11801134
query_349,6,4,47443.0,45356.0,1000009,27601,11598284
query_349,6,5,47372.0,45359.0,1000005,28555,11601859
query_351,6,1,46268.0,45410.0,1000007,30346,8175407
query_351,6,2,46270.0,45410.0,1000008,28454,8164234
query_351,6,3,46299.0,45409.0,1000018,29043,8178329
query_351,6,4,46273.0,45410.0,1000010,28778,8168911
query_351,6,5,46288.0,45409.0,1000011,28194,8183633
query_352,6,1,271230.0,33366.0,1000009,30606,10341084
query_352,6,2,270501.0,33407.0,1000021,27703,10019483
query_352,6,3,269133.0,33462.0,1000017,26914,10223577
query_352,6,4,270947.0,33379.0,1000000,26872,10115993
query_352,6,5,270792.0,33382.0,1000008,26306,10355310
query_391,6,1,46987.0,45368.0,1000008,31991,3400297
query_391,6,2,47034.0,45364.0,1000013,31170,3427856
query_391,6,3,47059.0,45364.0,1000018,30713,3407909
query_391,6,4,47090.0,45362.0,1000017,30772,3411520
query_391,6,5,47028.0,45366.0,1000011,29610,3402411
query_407,6,1,906367.0,4423.0,1000000,35588,8371314
query_407,6,2,907318.0,4377.0,1000000,33694,84723037
query_407,6,3,909199.0,4286.0,1000000,33170,27719895
query_407,6,4,907990.0,4344.0,1000000,33054,12524552
query_407,6,5,906680.0,4407.0,1000000,34000,85413133
query_469,6,1,45590.0,45442.0,1000020,33137,7304642
query_469,6,2,45591.0,45441.0,1000000,31178,7303494
query_469,6,3,45584.0,45442.0,1000006,31100,7302573
query_469,6,4,45602.0,45440.0,1000002,30465,7303503
query_469,6,5,45584.0,45442.0,1000007,30323,7303529
query_512,6,1,22870.0,22717.0,1000022,32093,2971023
query_512,6,2,22877.0,22717.0,1000032,31132,2966718
query_512,6,3,22870.0,22717.0,1000014,29872,2996742
query_512,6,4,22846.0,22719.0,1000028,28694,2994946
query_512,6,5,22863.0,22718.0,1000030,28141,3013374
query_520,6,1,45669.0,45444.0,1000019,38115,34696528
query_520,6,2,45702.0,45441.0,1000001,33398,34682150
query_520,6,3,45671.0,45443.0,1000005,32315,34700350
query_520,6,4,45670.0,45444.0,1000016,32970,34688901
query_520,6,5,45704.0,45441.0,1000001,33984,34677582
query_545,6,1,45482.0,45452.0,1000004,64883,37280216
query_545,6,2,45486.0,45452.0,1000012,59244,37280216
query_545,6,3,45483.0,45452.0,1000006,56414,37280216
query_545,6,4,45471.0,45453.0,1000002,51934,37280216
query_545,6,5,45478.0,45453.0,1000016,50253,37280216
query_547,6,1,50284.0,45135.0,1000006,36930,685604
query_547,6,2,50336.0,45136.0,1000012,36448,671590
query_547,6,3,50315.0,45140.0,1000010,42137,684978
query_547,6,4,50295.0,45137.0,1000019,36840,683720
query_547,6,5,50380.0,45132.0,1000006,36087,675751
query_548,6,1,49030.0,45271.0,1000017,36641,3697048
query_548,6,2,48983.0,45273.0,1000012,34314,3800479
query_548,6,3,49060.0,45270.0,1000017,32936,3742545
query_548,6,4,49093.0,45266.0,1000002,33572,3608547
query_548,6,5,48958.0,45273.0,1000015,33755,3673173
query_595,6,1,45791.0,45429.0,1000004,35130,5034090
query_595,6,2,45787.0,45430.0,1000016,32016,5027545
query_595,6,3,45788.0,45430.0,1000021,31357,5035713
query_595,6,4,45785.0,45430.0,1000005,31835,5027845
query_595,6,5,45783.0,45430.0,1000019,32024,5033477
query_613,6,1,188930.0,38595.0,1000000,40781,4441790
query_613,6,2,189469.0,38569.0,1000015,39441,4201888
query_613,6,3,187259.0,38675.0,1000005,39345,4210092
query_613,6,4,187127.0,38683.0,1000007,39381,4154799
query_613,6,5,189065.0,38586.0,1000003,39418,4033925
query_629,6,1,45593.0,45441.0,1000006,34054,9181476
query_629,6,2,45573.0,45443.0,1000006,31545,9181474
query_629,6,3,45544.0,45446.0,1000008,31667,9182082
query_629,6,4,45566.0,45444.0,1000012,31420,9181471
query_629,6,5,45558.0,45445.0,1000016,30277,9181476
query_632,6,1,47088.0,45371.0,1000020,30955,7988435
query_632,6,2,47087.0,45372.0,1000021,28885,7961354
query_632,6,3,47180.0,45366.0,1000014,28293,7960158
query_632,6,4,47090.0,45371.0,1000016,27731,8011019
query_632,6,5,47092.0,45371.0,1000003,28371,7973644
query_633,6,1,45493.0,45451.0,1000006,33125,31936857
query_633,6,2,45491.0,45451.0,1000002,31094,31936349
query_633,6,3,45487.0,45452.0,1000014,31516,31932798
query_633,6,4,45489.0,45452.0,1000018,31065,31936506
query_633,6,5,45482.0,45452.0,1000004,31036,31945304
query_637,6,1,999522.0,1.0,1000000,32553,96
query_637,6,2,999385.0,4.0,1000000,33996,889
query_637,6,3,999520.0,1.0,1000000,33765,96
query_637,6,4,999527.0,1.0,1000000,33776,36
query_637,6,5,999542.0,0.0,1000000,33812,0
query_638,6,1,129525.0,11994.0,1000000,21781,21
query_638,6,2,129196.0,12026.0,1000002,19568,21
query_638,6,3,129262.0,12021.0,1000002,19180,21
query_638,6,4,128869.0,12059.0,1000002,19501,21
query_638,6,5,129594.0,11986.0,1000002,19315,21
query_137,7,1,629.0,23.0,10037,737,470995
query_137,7,2,692.0,23.0,10137,288,388255
query_137,7,3,783.0,23.0,10248,235,235838
query_137,7,4,611.0,23.0,10038,233,497147
query_137,7,5,504.0,24.0,10305,228,464239
query_138,7,1,587.0,24.0,10379,684,791858
query_138,7,2,756.0,23.0,10210,296,76967
query_138,7,3,461.0,24.0,10240,213,165261
query_138,7,4,594.0,23.0,10009,233,346475
query_138,7,5,544.0,24.0,10338,243,324376
query_145,7,1,47.0,33.0,10013,706,5129940
query_145,7,2,45.0,33.0,10011,292,5357937
query_145,7,3,53.0,33.0,10019,221,4549192
query_145,7,4,59.0,33.0,10025,245,4086562
query_145,7,5,51.0,33.0,10017,235,4727592
query_146,7,1,57.0,50.0,10107,689,2957802
query_146,7,2,58.0,50.0,10108,293,2818341
query_146,7,3,55.0,50.0,10105,241,3526855
query_146,7,4,59.0,50.0,10109,206,2844454
query_146,7,5,57.0,50.0,10107,217,3022472
query_147,7,1,51.0,50.0,10101,703,4060274
query_147,7,2,50.0,50.0,10100,275,5399650
query_147,7,3,50.0,50.0,10100,220,4903130
query_147,7,4,50.0,50.0,10100,216,5539901
query_147,7,5,52.0,50.0,10102,244,4228513
query_150,7,1,50.0,50.0,10100,674,3889986
query_150,7,2,50.0,50.0,10100,280,5014604
query_150,7,3,50.0,50.0,10100,215,5686322
query_150,7,4,50.0,50.0,10100,214,4403956
query_150,7,5,50.0,50.0,10100,203,5263752
query_151,7,1,34.0,34.0,10302,723,4494782
query_151,7,2,34.0,34.0,10302,239,5282429
query_151,7,3,34.0,34.0,10302,228,6832477
query_151,7,4,34.0,34.0,10302,214,4888535
query_151,7,5,34.0,34.0,10302,223,5618161
query_168,7,1,658.0,21.0,10323,710,166008
query_168,7,2,830.0,20.0,10394,317,172167
query_168,7,3,549.0,21.0,10000,244,1667948
query_168,7,4,492.0,22.0,10240,227,1233093
query_168,7,5,551.0,21.0,10002,215,967481
query_224,7,1,36.0,20.0,10123,724,41
query_224,7,2,32.0,20.0,10120,424,278
query_224,7,3,31.0,20.0,10118,318,107
query_224,7,4,33.0,20.0,10118,306,98
query_224,7,5,31.0,20.0,10117,278,883
query_255,7,1,50.0,50.0,10100,687,37280216
query_255,7,2,51.0,50.0,10101,331,36549231
query_255,7,3,50.0,50.0,10100,239,37280216
query_255,7,4,51.0,50.0,10101,234,36549231
query_255,7,5,51.0,50.0,10101,241,36549231
query_256,7,1,36.0,33.0,10002,690,29095365
query_256,7,2,34.0,34.0,10302,262,31740398
query_256,7,3,36.0,33.0,10002,228,29095365
query_256,7,4,36.0,33.0,10002,222,29095365
query_256,7,5,34.0,33.0,10000,221,30806857
query_288,7,1,25.0,25.0,10100,677,72331
query_288,7,2,25.0,25.0,10100,251,93678
query_288,7,3,26.0,25.0,10102,243,267897
query_288,7,4,27.0,25.0,10104,242,92509
query_288,7,5,25.0,25.0,10100,203,85173
query_349,7,1,54.0,50.0,10104,709,9762279
query_349,7,2,53.0,50.0,10103,245,12733200
query_349,7,3,52.0,50.0,10102,215,11776396
query_349,7,4,50.0,50.0,10100,230,13997088
query_349,7,5,53.0,50.0,10103,205,13204800
query_351,7,1,52.0,50.0,10102,759,8160980
query_351,7,2,50.0,50.0,10100,261,8167140
query_351,7,3,50.0,50.0,10100,258,8167140
query_351,7,4,50.0,50.0,10100,208,8324200
query_351,7,5,50.0,50.0,10100,236,8324200
query_352,7,1,256.0,49.0,10108,678,8980773
query_352,7,2,221.0,49.0,10071,252,6362563
query_352,7,3,182.0,49.0,10033,220,17631101
query_352,7,4,208.0,49.0,10060,199,12228546
query_352,7,5,204.0,49.0,10056,190,4432344
query_391,7,1,51.0,50.0,10101,609,3593412
query_391,7,2,51.0,50.0,10101,247,3539402
query_391,7,3,53.0,50.0,10103,246,3401569
query_391,7,4,54.0,50.0,10104,199,3227291
query_391,7,5,50.0,50.0,10100,214,2987549
query_407,7,1,5977.0,20.0,10000,794,252558
query_407,7,2,6379.0,18.0,10000,489,720817
query_407,7,3,4972.0,25.0,10000,385,821585
query_407,7,4,5577.0,22.0,10000,380,494042
query_407,7,5,4169.0,29.0,10000,319,4769912
query_469,7,1,50.0,50.0,10100,715,7306278
query_469,7,2,50.0,50.0,10100,266,7306278
query_469,7,3,50.0,50.0,10100,224,7306278
query_469,7,4,50.0,50.0,10100,226,7306278
query_469,7,5,50.0,50.0,10100,223,7306278
query_512,7,1,25.0,25.0,10100,656,2731661
query_512,7,2,25.0,25.0,10100,275,3211548
query_512,7,3,25.0,25.0,10100,234,3568783
query_512,7,4,25.0,25.0,10100,209,3804814
query_512,7,5,25.0,25.0,10100,223,3804814
query_520,7,1,50.0,50.0,10100,692,34865248
query_520,7,2,50.0,50.0,10100,268,34865248
query_520,7,3,50.0,50.0,10100,246,34865248
query_520,7,4,51.0,50.0,10101,236,34181616
query_520,7,5,51.0,50.0,10101,229,34181616
query_545,7,1,50.0,50.0,10100,716,37280216
query_545,7,2,50.0,50.0,10100,281,37280216
query_545,7,3,50.0,50.0,10100,254,37280216
query_545,7,4,50.0,50.0,10100,251,37280216
query_545,7,5,50.0,50.0,10100,229,37280216
query_547,7,1,55.0,50.0,10105,761,479614
query_547,7,2,52.0,50.0,10102,287,322539
query_547,7,3,55.0,50.0,10105,247,478179
query_547,7,4,54.0,50.0,10104,248,443462
query_547,7,5,57.0,50.0,10107,265,353230
query_548,7,1,54.0,50.0,10104,794,5108354
query_548,7,2,54.0,50.0,10104,289,4117643
query_548,7,3,53.0,50.0,10103,230,209513
query_548,7,4,55.0,50.0,10105,214,3176467
query_548,7,5,50.0,50.0,10100,223,9407229
query_595,7,1,50.0,50.0,10100,772,5208751
query_595,7,2,51.0,50.0,10101,289,5006489
query_595,7,3,50.0,50.0,10100,275,5208751
query_595,7,4,50.0,50.0,10100,240,4913916
query_595,7,5,50.0,50.0,10100,215,4913916
query_613,7,1,188.0,49.0,10037,688,5699471
query_613,7,2,287.0,49.0,10136,327,1575569
query_613,7,3,248.0,49.0,10097,283,6586521
query_613,7,4,270.0,49.0,10119,275,7889859
query_613,7,5,205.0,49.0,10054,251,3152648
query_629,7,1,50.0,50.0,10100,725,9181487
query_629,7,2,50.0,50.0,10100,308,9181487
query_629,7,3,50.0,50.0,10100,241,9181487
query_629,7,4,50.0,50.0,10100,222,9181487
query_629,7,5,50.0,50.0,10100,232,9181487
query_632,7,1,50.0,50.0,10100,661,8224310
query_632,7,2,52.0,50.0,10102,278,7740046
query_632,7,3,51.0,50.0,10101,249,7780135
query_632,7,4,53.0,50.0,10103,231,7350426
query_632,7,5,52.0,50.0,10102,215,8046727
query_633,7,1,50.0,50.0,10100,700,31943862
query_633,7,2,50.0,50.0,10100,295,31943862
query_633,7,3,50.0,50.0,10100,246,31943862
query_633,7,4,50.0,50.0,10100,228,31943862
query_633,7,5,50.0,50.0,10100,216,31943862
query_637,7,1,9996.0,0.0,10000,917,0
query_637,7,2,9996.0,0.0,10000,392,0
query_637,7,3,9995.0,0.0,10000,345,0
query_637,7,4,9993.0,0.0,10000,340,0
query_637,7,5,9993.0,0.0,10000,337,0
query_638,7,1,30.0,25.0,10134,590,772
query_638,7,2,31.0,25.0,10134,201,398
query_638,7,3,31.0,25.0,10126,174,791
query_638,7,4,31.0,25.0,10132,161,539
query_638,7,5,25.0,25.0,10114,176,604
query_137,8,1,6523.0,228.0,100043,2771,460457
query_137,8,2,7091.0,227.0,100354,2007,251939
query_137,8,3,6961.0,227.0,100138,1834,268931
query_137,8,4,6955.0,227.0,100106,1820,315665
query_137,8,5,6834.0,227.0,100055,1856,285621
query_138,8,1,6048.0,230.0,100159,2840,363462
query_138,8,2,5908.0,230.0,100000,1955,365613
query_138,8,3,6099.0,230.0,100210,1907,332122
query_138,8,4,6093.0,230.0,100272,1866,329260
query_138,8,5,5449.0,232.0,100267,1976,385759
query_145,8,1,472.0,330.0,100132,2860,5108203
query_145,8,2,508.0,330.0,100169,2164,4746204
query_145,8,3,509.0,330.0,100170,1991,4736880
query_145,8,4,518.0,330.0,100180,2043,4654579
query_145,8,5,482.0,330.0,100142,2016,5002224
query_146,8,1,566.0,495.0,100061,2803,2931951
query_146,8,2,566.0,495.0,100061,2042,2930521
query_146,8,3,575.0,495.0,100070,1896,2863424
query_146,8,4,574.0,495.0,100069,1931,2988420
query_146,8,5,563.0,495.0,100058,2009,2865608
query_147,8,1,501.0,496.0,100197,2906,4588572
query_147,8,2,498.0,496.0,100194,2005,5059548
query_147,8,3,498.0,496.0,100194,1951,4724892
query_147,8,4,496.0,496.0,100192,1891,5007808
query_147,8,5,497.0,496.0,100193,2029,5033473
query_150,8,1,496.0,496.0,100193,2664,4850426
query_150,8,2,496.0,496.0,100192,1983,5213916
query_150,8,3,496.0,496.0,100192,1788,5227659
query_150,8,4,497.0,496.0,100194,1724,4939666
query_150,8,5,496.0,496.0,100193,1889,5018177
query_151,8,1,332.0,331.0,100296,2692,5117249
query_151,8,2,333.0,331.0,100295,1899,4657656
query_151,8,3,333.0,331.0,100295,1875,5081464
query_151,8,4,331.0,331.0,100293,1807,4806149
query_151,8,5,332.0,331.0,100296,1930,5043794
query_168,8,1,6196.0,205.0,100000,2999,654140
query_168,8,2,6373.0,204.0,100107,2002,512809
query_168,8,3,6397.0,204.0,100115,1906,512893
query_168,8,4,6504.0,203.0,100029,1873,476142
query_168,8,5,6732.0,202.0,100352,2037,553720
query_224,8,1,324.0,198.0,100172,3299,114
query_224,8,2,346.0,198.0,100210,2350,117
query_224,8,3,350.0,198.0,100214,2273,241
query_224,8,4,362.0,198.0,100232,2214,122
query_224,8,5,343.0,198.0,100197,2358,128
query_255,8,1,511.0,495.0,100006,2862,36112929
query_255,8,2,505.0,496.0,100201,2119,36615816
query_255,8,3,502.0,496.0,100198,2030,36834636
query_255,8,4,505.0,495.0,100000,2069,36541994
query_255,8,5,517.0,495.0,100012,2143,35693824
query_256,8,1,347.0,330.0,100008,2775,30185393
query_256,8,2,359.0,330.0,100028,2167,29176410
query_256,8,3,354.0,330.0,100017,1988,29588507
query_256,8,4,359.0,330.0,100026,1992,29176410
query_256,8,5,349.0,330.0,100014,2083,30012411
query_288,8,1,253.0,248.0,100202,2511,77803
query_288,8,2,261.0,248.0,100218,1956,110342
query_288,8,3,260.0,248.0,100218,1899,99962
query_288,8,4,256.0,248.0,100210,1765,92440
query_288,8,5,252.0,248.0,100200,1782,102229
query_349,8,1,517.0,495.0,100012,2826,11019881
query_349,8,2,521.0,495.0,100016,1985,12870358
query_349,8,3,517.0,495.0,100012,1924,11537826
query_349,8,4,516.0,495.0,100011,1841,11135444
query_349,8,5,523.0,495.0,100018,2063,11964971
query_351,8,1,501.0,496.0,100197,2889,8352299
query_351,8,2,503.0,496.0,100199,2134,8111491
query_351,8,3,506.0,495.0,100001,1901,8236030
query_351,8,4,501.0,496.0,100197,1841,8255179
query_351,8,5,504.0,496.0,100200,1923,8206041
query_352,8,1,2493.0,485.0,100053,2636,9393480
query_352,8,2,2374.0,486.0,100128,1722,9523872
query_352,8,3,2328.0,486.0,100077,1720,9989232
query_352,8,4,2265.0,486.0,100011,1677,10301587
query_352,8,5,2491.0,485.0,100070,1706,10472921
query_391,8,1,510.0,495.0,100005,2888,3440298
query_391,8,2,513.0,495.0,100008,2372,3450370
query_391,8,3,508.0,495.0,100003,1974,3581313
query_391,8,4,515.0,495.0,100010,2018,3530147
query_391,8,5,511.0,495.0,100006,2183,3484434
query_407,8,1,49136.0,253.0,100013,4123,1299521
query_407,8,2,49411.0,252.0,100088,3001,15192121
query_407,8,3,48210.0,258.0,100093,2840,9973233
query_407,8,4,48613.0,256.0,100091,2943,852337
query_407,8,5,50371.0,247.0,100047,2915,1440524
query_469,8,1,496.0,496.0,100192,2740,7306278
query_469,8,2,496.0,496.0,100192,2038,7306278
query_469,8,3,496.0,496.0,100192,1997,7306278
query_469,8,4,496.0,496.0,100192,1884,7291810
query_469,8,5,496.0,496.0,100192,1811,7306278
query_512,8,1,249.0,248.0,100194,2618,2693301
query_512,8,2,248.0,248.0,100192,2045,3105468
query_512,8,3,248.0,248.0,100192,1886,3179475
query_512,8,4,249.0,248.0,100194,1852,3243901
query_512,8,5,248.0,248.0,100192,1868,3174431
query_520,8,1,499.0,496.0,100195,2818,34655637
query_520,8,2,497.0,496.0,100193,2142,34725086
query_520,8,3,497.0,496.0,100193,2008,34795097
query_520,8,4,499.0,496.0,100195,1951,34655637
query_520,8,5,500.0,496.0,100196,1960,34516736
query_545,8,1,496.0,496.0,100192,3016,37280216
query_545,8,2,496.0,496.0,100192,2594,37280216
query_545,8,3,496.0,496.0,100192,2278,37280216
query_545,8,4,496.0,496.0,100192,2264,37280216
query_545,8,5,496.0,496.0,100192,2347,37280216
query_547,8,1,542.0,495.0,100037,2977,445913
query_547,8,2,532.0,495.0,100029,2279,370448
query_547,8,3,520.0,495.0,100016,2174,395807
query_547,8,4,527.0,495.0,100022,2100,394307
query_547,8,5,528.0,495.0,100023,2174,422507
query_548,8,1,528.0,495.0,100023,2875,1504030
query_548,8,2,526.0,495.0,100021,2019,3953812
query_548,8,3,525.0,495.0,100020,1902,1931518
query_548,8,4,527.0,495.0,100022,1982,2275148
query_548,8,5,543.0,495.0,100038,2004,4986535
query_595,8,1,501.0,496.0,100198,2712,5015486
query_595,8,2,499.0,496.0,100195,2107,5005864
query_595,8,3,499.0,496.0,100195,2037,5015641
query_595,8,4,498.0,496.0,100194,1920,5015916
query_595,8,5,496.0,496.0,100192,1932,4987530
query_613,8,1,2350.0,486.0,100036,3058,2991666
query_613,8,2,2304.0,487.0,100192,2298,5309514
query_613,8,3,2213.0,487.0,100101,2062,7578693
query_613,8,4,2336.0,486.0,100023,1998,3059888
query_613,8,5,2435.0,486.0,100121,2170,4937911
query_629,8,1,496.0,496.0,100192,2703,9181487
query_629,8,2,496.0,496.0,100192,2055,9181487
query_629,8,3,496.0,496.0,100192,1990,9181487
query_629,8,4,496.0,496.0,100192,1914,9181487
query_629,8,5,496.0,496.0,100192,2057,9181487
query_632,8,1,513.0,495.0,100008,2785,7706511
query_632,8,2,510.0,495.0,100005,2059,8084377
query_632,8,3,517.0,495.0,100012,1852,7868738
query_632,8,4,516.0,495.0,100011,1821,7796382
query_632,8,5,512.0,495.0,100007,1967,7921603
query_633,8,1,496.0,496.0,100192,3048,31943862
query_633,8,2,496.0,496.0,100192,2155,31943862
query_633,8,3,496.0,496.0,100192,1996,31943862
query_633,8,4,496.0,496.0,100192,1986,31943862
query_633,8,5,496.0,496.0,100192,2012,31943862
query_637,8,1,99948.0,0.0,100000,4280,0
query_637,8,2,99955.0,0.0,100000,3306,0
query_637,8,3,99967.0,0.0,100000,3291,0
query_637,8,4,99540.0,1.0,100000,3919,962
query_637,8,5,99965.0,0.0,100000,3470,0
query_638,8,1,379.0,246.0,100016,2041,405
query_638,8,2,385.0,246.0,100020,1514,418
query_638,8,3,383.0,246.0,100008,1419,380
query_638,8,4,353.0,247.0,100268,1413,458
query_638,8,5,359.0,247.0,100308,1472,461
query_137,9,1,72266.0,2257.0,1000247,20510,291822
query_137,9,2,71216.0,2261.0,1000332,19486,288811
query_137,9,3,71437.0,2260.0,1000278,19180,313692
query_137,9,4,72109.0,2258.0,1000295,19015,318223
query_137,9,5,72618.0,2255.0,1000133,19078,267902
query_138,9,1,63278.0,2287.0,1000240,19716,334401
query_138,9,2,63758.0,2285.0,1000000,18192,339570
query_138,9,3,59105.0,2299.0,1000012,18157,418487
query_138,9,4,60642.0,2295.0,1000138,18159,362132
query_138,9,5,61631.0,2292.0,1000196,18315,349696
query_145,9,1,4910.0,3295.0,1000010,20365,4904157
query_145,9,2,4759.0,3296.0,1000160,19264,5058010
query_145,9,3,4854.0,3296.0,1000259,19231,4957996
query_145,9,4,4858.0,3296.0,1000266,19312,4959176
query_145,9,5,4913.0,3295.0,1000019,19180,4897979
query_146,9,1,5710.0,4947.0,1000060,19469,2893383
query_146,9,2,5635.0,4948.0,1000188,17577,2890384
query_146,9,3,5656.0,4947.0,1000008,17371,2925901
query_146,9,4,5673.0,4947.0,1000023,17388,2932135
query_146,9,5,5635.0,4948.0,1000188,17343,2941088
query_147,9,1,4965.0,4951.0,1000118,19963,4787219
query_147,9,2,4971.0,4951.0,1000126,18475,4793720
query_147,9,3,4981.0,4951.0,1000136,18504,4758092
query_147,9,4,4964.0,4951.0,1000119,18614,4747507
query_147,9,5,4962.0,4951.0,1000113,20057,4779492
query_150,9,1,4956.0,4951.0,1000113,18153,5117966
query_150,9,2,4962.0,4951.0,1000121,16605,5077180
query_150,9,3,4961.0,4951.0,1000118,16740,5115435
query_150,9,4,4959.0,4951.0,1000114,16657,5115778
query_150,9,5,4959.0,4951.0,1000113,16689,5104873
query_151,9,1,3317.0,3301.0,1000234,18561,4991032
query_151,9,2,3323.0,3301.0,1000235,17457,5006430
query_151,9,3,3313.0,3301.0,1000225,17398,5067739
query_151,9,4,3322.0,3301.0,1000240,17448,5069890
query_151,9,5,3317.0,3301.0,1000227,17333,5156935
query_168,9,1,68786.0,2001.0,1000008,19791,544774
query_168,9,2,70208.0,1991.0,1000205,18747,574359
query_168,9,3,69922.0,1993.0,1000357,18786,657766
query_168,9,4,67454.0,2010.0,1000002,18650,603199
query_168,9,5,70065.0,1992.0,1000240,19082,527698
query_224,9,1,3577.0,1976.0,1000202,23371,118
query_224,9,2,3662.0,1976.0,1000269,23100,125
query_224,9,3,3658.0,1976.0,1000376,22881,125
query_224,9,4,3688.0,1976.0,1000364,22443,117
query_224,9,5,3670.0,1976.0,1000303,22809,108
query_255,9,1,5085.0,4950.0,1000035,20975,36290476
query_255,9,2,5078.0,4950.0,1000029,19497,36347842
query_255,9,3,5086.0,4950.0,1000037,19316,36290669
query_255,9,4,5081.0,4950.0,1000031,19180,36319045
query_255,9,5,5064.0,4950.0,1000014,18927,36440969
query_256,9,1,3502.0,3300.0,1000140,20113,29909570
query_256,9,2,3523.0,3300.0,1000168,19197,29731284
query_256,9,3,3506.0,3300.0,1000156,18763,29866404
query_256,9,4,3494.0,3300.0,1000131,18888,29978052
query_256,9,5,3514.0,3300.0,1000161,18775,29798401
query_288,9,1,2563.0,2475.0,1000098,19649,84923
query_288,9,2,2569.0,2475.0,1000118,18476,86671
query_288,9,3,2596.0,2475.0,1000184,18250,92960
query_288,9,4,2590.0,2475.0,1000158,18017,90833
query_288,9,5,2603.0,2475.0,1000186,18172,86212
query_349,9,1,5170.0,4950.0,1000122,20169,11764448
query_349,9,2,5186.0,4950.0,1000136,18905,12020572
query_349,9,3,5164.0,4950.0,1000114,18810,11608795
query_349,9,4,5166.0,4950.0,1000116,18696,11882117
query_349,9,5,5172.0,4950.0,1000123,18723,12305545
query_351,9,1,5037.0,4951.0,1000190,19847,8210059
query_351,9,2,5049.0,4950.0,1000001,18611,8169594
query_351,9,3,5039.0,4951.0,1000194,18357,8151565
query_351,9,4,5036.0,4951.0,1000189,17962,8210153
query_351,9,5,5026.0,4951.0,1000178,17937,8169152
query_352,9,1,32278.0,4802.0,1000028,17837,9217428
query_352,9,2,32811.0,4799.0,1000087,16527,9421799
query_352,9,3,32575.0,4800.0,1000019,16253,9209000
query_352,9,4,32449.0,4802.0,1000185,16410,9453170
query_352,9,5,31764.0,4805.0,1000136,16022,10083928
query_391,9,1,5114.0,4950.0,1000065,18723,3446211
query_391,9,2,5103.0,4950.0,1000057,17324,3372343
query_391,9,3,5085.0,4950.0,1000040,17276,3416074
query_391,9,4,5105.0,4950.0,1000056,17461,3421898
query_391,9,5,5097.0,4950.0,1000049,17561,3401549
query_407,9,1,495472.0,2509.0,1000120,28645,7734894
query_407,9,2,499876.0,2487.0,1000122,27581,144855112
query_407,9,3,505645.0,2458.0,1000057,27906,44841777
query_407,9,4,499972.0,2486.0,1000000,27522,19736390
query_407,9,5,500180.0,2485.0,1000000,27090,6314173
query_469,9,1,4953.0,4951.0,1000106,19808,7304793
query_469,9,2,4953.0,4951.0,1000105,18599,7303328
query_469,9,3,4951.0,4951.0,1000102,18492,7304815
query_469,9,4,4952.0,4951.0,1000104,18578,7304803
query_469,9,5,4956.0,4951.0,1000111,18727,7301837
query_512,9,1,2484.0,2476.0,1000320,19703,3017095
query_512,9,2,2478.0,2476.0,1000308,18831,2976747
query_512,9,3,2490.0,2476.0,1000332,18837,2963331
query_512,9,4,2485.0,2476.0,1000324,18675,2945392
query_512,9,5,2481.0,2476.0,1000314,18808,2974548
query_520,9,1,4977.0,4951.0,1000128,20508,34655112
query_520,9,2,4974.0,4951.0,1000125,18449,34690016
query_520,9,3,4972.0,4951.0,1000123,18467,34661981
query_520,9,4,4979.0,4951.0,1000130,18106,34634202
query_520,9,5,4981.0,4951.0,1000132,18188,34648260
query_545,9,1,4951.0,4951.0,1000102,21713,37280216
query_545,9,2,4951.0,4951.0,1000102,21493,37280216
query_545,9,3,4951.0,4951.0,1000102,21166,37280216
query_545,9,4,4951.0,4951.0,1000102,21096,37280216
query_545,9,5,4951.0,4951.0,1000102,21424,37280216
query_547,9,1,5334.0,4949.0,1000104,21439,492342
query_547,9,2,5321.0,4949.0,1000089,20138,440608
query_547,9,3,5377.0,4949.0,1000153,19810,463843
query_547,9,4,5309.0,4949.0,1000080,19686,476887
query_547,9,5,5373.0,4949.0,1000159,20087,430806
query_548,9,1,5317.0,4949.0,1000068,19878,2575148
query_548,9,2,5306.0,4949.0,1000059,19207,3025532
query_548,9,3,5316.0,4949.0,1000070,18862,3029916
query_548,9,4,5335.0,4949.0,1000088,18962,2212264
query_548,9,5,5335.0,4949.0,1000087,18937,2698934
query_595,9,1,4975.0,4951.0,1000131,20420,5033315
query_595,9,2,4978.0,4951.0,1000134,19043,5029296
query_595,9,3,4969.0,4951.0,1000124,19029,5040350
query_595,9,4,4977.0,4951.0,1000130,19065,4999838
query_595,9,5,4967.0,4951.0,1000119,18935,5017691
query_613,9,1,23430.0,4859.0,1000104,23005,4547762
query_613,9,2,23339.0,4859.0,1000010,21068,3551963
query_613,9,3,23111.0,4861.0,1000189,20991,3648449
query_613,9,4,22940.0,4861.0,1000020,20847,3737998
query_613,9,5,23108.0,4861.0,1000181,20790,4088418
query_629,9,1,4953.0,4951.0,1000106,19997,9181486
query_629,9,2,4954.0,4951.0,1000108,18848,9181487
query_629,9,3,4951.0,4951.0,1000102,18387,9181487
query_629,9,4,4951.0,4951.0,1000102,18650,9181487
query_629,9,5,4951.0,4951.0,1000102,18450,9181487
query_632,9,1,5129.0,4950.0,1000081,19678,7939719
query_632,9,2,5149.0,4950.0,1000101,18246,7940747
query_632,9,3,5144.0,4950.0,1000098,18154,7953194
query_632,9,4,5127.0,4950.0,1000080,18463,8016066
query_632,9,5,5133.0,4950.0,1000086,18400,7974281
query_633,9,1,4951.0,4951.0,1000102,20728,31932150
query_633,9,2,4951.0,4951.0,1000102,18956,31937938
query_633,9,3,4951.0,4951.0,1000102,18824,31943862
query_633,9,4,4951.0,4951.0,1000102,18614,31931987
query_633,9,5,4951.0,4951.0,1000102,18893,31937957
query_637,9,1,999163.0,1.0,1000000,35188,96
query_637,9,2,997952.0,4.0,1000000,35562,1003
query_637,9,3,999160.0,1.0,1000000,34445,96
query_637,9,4,999167.0,1.0,1000000,35184,36
query_637,9,5,999542.0,0.0,1000000,34375,0
query_638,9,1,5798.0,2441.0,1000180,15191,300
query_638,9,2,5739.0,2442.0,1000340,13701,293
query_638,9,3,5803.0,2441.0,1000202,13567,298
query_638,9,4,5940.0,2440.0,1000374,13459,292
query_638,9,5,5979.0,2439.0,1000128,13509,287
query_Q1085_o,1,1,3082.0,1884.0,10003,1959,96
query_Q1085_o,1,2,3092.0,1881.0,10003,1174,63
query_Q1085_o,1,3,3101.0,1871.0,10001,870,55
query_Q1085_o,1,4,3060.0,1903.0,10001,843,53
query_Q1085_o,1,5,3110.0,1856.0,10001,761,94
query_Q1439_o,1,1,3241.0,1733.0,10000,2021,27
query_Q1439_o,1,2,3220.0,1750.0,10000,1110,45
query_Q1439_o,1,3,3245.0,1727.0,10001,779,28
query_Q1439_o,1,4,3247.0,1726.0,10000,673,52
query_Q1439_o,1,5,3263.0,1709.0,10001,670,52
query_Q176_o,1,1,3387.0,1551.0,10001,1911,54
query_Q176_o,1,2,3398.0,1554.0,10001,1059,63
query_Q176_o,1,3,3392.0,1549.0,10000,717,59
query_Q176_o,1,4,3381.0,1560.0,10001,743,60
query_Q176_o,1,5,3371.0,1574.0,10001,679,61
query_Q1904_o,1,1,3365.0,1577.0,10000,1956,164
query_Q1904_o,1,2,3358.0,1577.0,10002,1030,153
query_Q1904_o,1,3,3397.0,1545.0,10002,862,165
query_Q1904_o,1,4,3341.0,1602.0,10001,733,177
query_Q1904_o,1,5,3378.0,1555.0,10001,684,161
query_Q1974_o,1,1,3408.0,1527.0,10001,1831,110
query_Q1974_o,1,2,3406.0,1536.0,10001,1147,93
query_Q1974_o,1,3,3417.0,1531.0,10000,719,68
query_Q1974_o,1,4,3363.0,1582.0,10003,687,99
query_Q1974_o,1,5,3408.0,1538.0,10003,750,120
query_Q21590062_o,1,1,3023.0,1932.0,10000,2120,168
query_Q21590062_o,1,2,2999.0,1959.0,10001,1186,87
query_Q21590062_o,1,3,3037.0,1926.0,10002,1119,129
query_Q21590062_o,1,4,3019.0,1947.0,10001,949,123
query_Q21590062_o,1,5,3022.0,1937.0,10000,929,206
query_Q3206_o,1,1,3258.0,1689.0,10000,1845,96
query_Q3206_o,1,2,3256.0,1690.0,10000,1034,100
query_Q3206_o,1,3,3241.0,1696.0,10000,867,101
query_Q3206_o,1,4,3260.0,1686.0,10002,765,40
query_Q3206_o,1,5,3231.0,1711.0,10003,687,95
query_Q3224_o,1,1,3131.0,1823.0,10001,2095,131
query_Q3224_o,1,2,3171.0,1776.0,10000,1153,161
query_Q3224_o,1,3,3156.0,1797.0,10002,845,188
query_Q3224_o,1,4,3164.0,1778.0,10001,768,161
query_Q3224_o,1,5,3181.0,1769.0,10001,762,167
query_Q36074_o,1,1,3222.0,1734.0,10003,2454,52
query_Q36074_o,1,2,3195.0,1767.0,10001,1356,111
query_Q36074_o,1,3,3201.0,1760.0,10001,1192,114
query_Q36074_o,1,4,3224.0,1740.0,10001,1122,109
query_Q36074_o,1,5,3180.0,1785.0,10003,1136,53
query_Q9899_o,1,1,3049.0,1942.0,10003,1980,51
query_Q9899_o,1,2,3032.0,1961.0,10003,1200,67
query_Q9899_o,1,3,3059.0,1932.0,10003,845,67
query_Q9899_o,1,4,3089.0,1902.0,10000,802,96
query_Q9899_o,1,5,3055.0,1937.0,10001,767,95
query_Q1085_o,2,1,33778.0,16002.0,100004,8570,139
query_Q1085_o,2,2,33691.0,16108.0,100003,6738,115
query_Q1085_o,2,3,33734.0,16049.0,100000,6487,123
query_Q1085_o,2,4,33827.0,15968.0,100002,6515,130
query_Q1085_o,2,5,33747.0,16031.0,100001,6607,125
query_Q1439_o,2,1,35036.0,14750.0,100003,8281,90
query_Q1439_o,2,2,35172.0,14618.0,100000,6297,113
query_Q1439_o,2,3,35032.0,14748.0,100001,5807,123
query_Q1439_o,2,4,35055.0,14710.0,100000,5989,123
query_Q1439_o,2,5,34981.0,14790.0,100001,5975,125
query_Q176_o,2,1,35702.0,13762.0,100000,7580,164
query_Q176_o,2,2,35669.0,13823.0,100000,5739,158
query_Q176_o,2,3,35480.0,13984.0,100001,5619,223
query_Q176_o,2,4,35582.0,13875.0,100001,5298,161
query_Q176_o,2,5,35665.0,13799.0,100002,5148,155
query_Q1904_o,2,1,35910.0,13526.0,100000,7582,346
query_Q1904_o,2,2,36078.0,13378.0,100001,5816,300
query_Q1904_o,2,3,35902.0,13540.0,100000,5744,412
query_Q1904_o,2,4,35825.0,13589.0,100001,5894,317
query_Q1904_o,2,5,36078.0,13374.0,100002,5433,310
query_Q1974_o,2,1,35340.0,14101.0,100003,8256,330
query_Q1974_o,2,2,35304.0,14146.0,100003,6813,383
query_Q1974_o,2,3,35297.0,14167.0,100003,6330,277
query_Q1974_o,2,4,35284.0,14138.0,100001,6343,305
query_Q1974_o,2,5,35431.0,14021.0,100001,6400,420
query_Q21590062_o,2,1,32277.0,17341.0,100001,8870,249
query_Q21590062_o,2,2,32363.0,17253.0,100001,7483,220
query_Q21590062_o,2,3,32327.0,17302.0,100000,7329,240
query_Q21590062_o,2,4,32258.0,17364.0,100001,7285,242
query_Q21590062_o,2,5,32188.0,17440.0,100003,7345,293
query_Q3206_o,2,1,35002.0,14484.0,100000,11707,316
query_Q3206_o,2,2,34925.0,14577.0,100001,8286,196
query_Q3206_o,2,3,35032.0,14448.0,100001,7653,211
query_Q3206_o,2,4,34842.0,14622.0,100001,7334,199
query_Q3206_o,2,5,34948.0,14540.0,100000,7139,193
query_Q3224_o,2,1,33950.0,15604.0,100003,8396,378
query_Q3224_o,2,2,33957.0,15575.0,100000,6271,364
query_Q3224_o,2,3,34132.0,15394.0,100003,6205,514
query_Q3224_o,2,4,33898.0,15637.0,100001,6151,383
query_Q3224_o,2,5,34001.0,15516.0,100001,6309,378
query_Q36074_o,2,1,34151.0,15466.0,100001,8813,272
query_Q36074_o,2,2,34137.0,15495.0,100002,7083,215
query_Q36074_o,2,3,34240.0,15415.0,100001,6465,276
query_Q36074_o,2,4,34197.0,15437.0,100003,6972,269
query_Q36074_o,2,5,34176.0,15464.0,100000,6593,249
query_Q9899_o,2,1,32951.0,16972.0,100002,8480,162
query_Q9899_o,2,2,32952.0,16976.0,100001,6735,186
query_Q9899_o,2,3,32947.0,16989.0,100001,6645,171
query_Q9899_o,2,4,32916.0,17004.0,100001,6338,154
query_Q9899_o,2,5,33161.0,16779.0,100001,6224,157
query_Q1085_o,3,1,433458.0,65712.0,1000001,40954,242
query_Q1085_o,3,2,433512.0,65688.0,1000000,36870,236
query_Q1085_o,3,3,433521.0,65682.0,1000001,36234,237
query_Q1085_o,3,4,433408.0,65763.0,1000000,36564,241
query_Q1085_o,3,5,433573.0,65626.0,1000000,36684,240
query_Q1439_o,3,1,438982.0,60109.0,1000001,39792,237
query_Q1439_o,3,2,438833.0,60221.0,1000000,36744,259
query_Q1439_o,3,3,439011.0,60075.0,1000000,35640,237
query_Q1439_o,3,4,438900.0,60153.0,1000000,35499,238
query_Q1439_o,3,5,439042.0,60060.0,1000001,34381,237
query_Q176_o,3,1,435209.0,62373.0,1000000,41447,460
query_Q176_o,3,2,435180.0,62450.0,1000001,36199,441
query_Q176_o,3,3,435061.0,62496.0,1000001,35724,431
query_Q176_o,3,4,435034.0,62515.0,1000001,34684,477
query_Q176_o,3,5,435076.0,62511.0,1000000,35274,507
query_Q1904_o,3,1,414417.0,82115.0,1000000,55942,1417
query_Q1904_o,3,2,414382.0,82160.0,1000000,45644,1484
query_Q1904_o,3,3,414461.0,82081.0,1000001,44319,1450
query_Q1904_o,3,4,414464.0,82075.0,1000001,42559,1476
query_Q1904_o,3,5,414639.0,81868.0,1000001,41710,1439
query_Q1974_o,3,1,420116.0,76825.0,1000001,51398,784
query_Q1974_o,3,2,420294.0,76648.0,1000000,43070,704
query_Q1974_o,3,3,420140.0,76785.0,1000000,42434,958
query_Q1974_o,3,4,420043.0,76898.0,1000001,42361,838
query_Q1974_o,3,5,420204.0,76758.0,1000000,40824,846
query_Q21590062_o,3,1,418219.0,79834.0,1000001,46609,410
query_Q21590062_o,3,2,418146.0,79954.0,1000001,42766,418
query_Q21590062_o,3,3,418094.0,79940.0,1000000,41972,363
query_Q21590062_o,3,4,418013.0,80032.0,1000000,41720,360
query_Q21590062_o,3,5,418256.0,79809.0,1000001,42124,366
query_Q3206_o,3,1,433848.0,63842.0,1000000,46361,451
query_Q3206_o,3,2,434020.0,63704.0,1000001,40595,431
query_Q3206_o,3,3,433931.0,63769.0,1000001,39010,432
query_Q3206_o,3,4,433828.0,63883.0,1000000,37839,459
query_Q3206_o,3,5,434040.0,63697.0,1000001,37177,433
query_Q3224_o,3,1,404604.0,92582.0,1000001,59445,1332
query_Q3224_o,3,2,404765.0,92437.0,1000000,48378,1380
query_Q3224_o,3,3,404775.0,92429.0,1000001,45913,1373
query_Q3224_o,3,4,404633.0,92609.0,1000000,44359,1347
query_Q3224_o,3,5,404845.0,92382.0,1000003,42687,1339
query_Q36074_o,3,1,416746.0,81281.0,1000001,46531,740
query_Q36074_o,3,2,416804.0,81238.0,1000000,42428,699
query_Q36074_o,3,3,416990.0,81014.0,1000001,40847,649
query_Q36074_o,3,4,416901.0,81133.0,1000001,41397,665
query_Q36074_o,3,5,416857.0,81176.0,1000001,42884,690
query_Q9899_o,3,1,417849.0,81861.0,1000001,43849,349
query_Q9899_o,3,2,417945.0,81781.0,1000001,39484,358
query_Q9899_o,3,3,418058.0,81665.0,1000001,41540,348
query_Q9899_o,3,4,417937.0,81787.0,1000001,39668,353
query_Q9899_o,3,5,417798.0,81905.0,1000000,38941,355
query_Q1085_o,4,1,624.0,436.0,10000,1260,252
query_Q1085_o,4,2,619.0,437.0,10002,504,299
query_Q1085_o,4,3,629.0,436.0,10011,468,305
query_Q1085_o,4,4,630.0,436.0,10005,435,239
query_Q1085_o,4,5,655.0,434.0,10016,419,298
query_Q1439_o,4,1,753.0,424.0,10007,1247,146
query_Q1439_o,4,2,729.0,427.0,10010,576,138
query_Q1439_o,4,3,720.0,428.0,10011,521,147
query_Q1439_o,4,4,726.0,427.0,10001,412,138
query_Q1439_o,4,5,739.0,426.0,10013,430,153
query_Q176_o,4,1,858.0,414.0,10019,1292,249
query_Q176_o,4,2,878.0,411.0,10015,503,185
query_Q176_o,4,3,827.0,416.0,10005,414,266
query_Q176_o,4,4,837.0,415.0,10015,410,136
query_Q176_o,4,5,833.0,415.0,10002,403,258
query_Q1904_o,4,1,847.0,414.0,10006,1215,348
query_Q1904_o,4,2,841.0,415.0,10012,555,358
query_Q1904_o,4,3,852.0,414.0,10013,541,135
query_Q1904_o,4,4,819.0,417.0,10001,433,471
query_Q1904_o,4,5,857.0,413.0,10015,418,299
query_Q1974_o,4,1,884.0,411.0,10018,1329,189
query_Q1974_o,4,2,883.0,411.0,10021,439,276
query_Q1974_o,4,3,883.0,410.0,10000,441,203
query_Q1974_o,4,4,825.0,416.0,10008,419,250
query_Q1974_o,4,5,872.0,411.0,10003,391,281
query_Q21590062_o,4,1,628.0,436.0,10009,1337,407
query_Q21590062_o,4,2,641.0,435.0,10011,550,164
query_Q21590062_o,4,3,633.0,436.0,10008,488,283
query_Q21590062_o,4,4,629.0,436.0,10012,493,406
query_Q21590062_o,4,5,626.0,436.0,10000,468,451
query_Q3206_o,4,1,754.0,424.0,10021,1281,222
query_Q3206_o,4,2,744.0,425.0,10020,505,266
query_Q3206_o,4,3,786.0,420.0,10013,509,243
query_Q3206_o,4,4,765.0,423.0,10020,416,238
query_Q3206_o,4,5,725.0,426.0,10007,438,267
query_Q3224_o,4,1,660.0,433.0,10010,1281,435
query_Q3224_o,4,2,687.0,430.0,10001,492,331
query_Q3224_o,4,3,666.0,432.0,10016,576,375
query_Q3224_o,4,4,695.0,429.0,10007,457,389
query_Q3224_o,4,5,718.0,427.0,10004,414,380
query_Q36074_o,4,1,710.0,429.0,10017,1265,278
query_Q36074_o,4,2,728.0,427.0,10016,538,316
query_Q36074_o,4,3,694.0,430.0,10015,468,339
query_Q36074_o,4,4,731.0,426.0,10006,415,300
query_Q36074_o,4,5,736.0,426.0,10014,391,311
query_Q9899_o,4,1,645.0,435.0,10000,1253,218
query_Q9899_o,4,2,614.0,439.0,10021,476,273
query_Q9899_o,4,3,624.0,438.0,10015,400,265
query_Q9899_o,4,4,642.0,436.0,10013,410,263
query_Q9899_o,4,5,657.0,434.0,10005,396,228
query_Q1085_o,5,1,7532.0,4238.0,100000,4995,690
query_Q1085_o,5,2,7503.0,4242.0,100012,3689,684
query_Q1085_o,5,3,7453.0,4247.0,100020,3774,612
query_Q1085_o,5,4,7501.0,4242.0,100004,3468,744
query_Q1085_o,5,5,7536.0,4237.0,100014,3523,685
query_Q1439_o,5,1,8315.0,4161.0,100000,5164,281
query_Q1439_o,5,2,8356.0,4158.0,100005,3586,284
query_Q1439_o,5,3,8321.0,4160.0,100021,3678,375
query_Q1439_o,5,4,8286.0,4164.0,100011,3428,559
query_Q1439_o,5,5,8401.0,4152.0,100006,3385,458
query_Q176_o,5,1,9267.0,4058.0,100021,4993,669
query_Q176_o,5,2,9289.0,4055.0,100004,3428,656
query_Q176_o,5,3,9233.0,4060.0,100017,3492,641
query_Q176_o,5,4,9089.0,4074.0,100010,3330,574
query_Q176_o,5,5,9373.0,4047.0,100001,3382,445
query_Q1904_o,5,1,9321.0,4050.0,100008,7771,1562
query_Q1904_o,5,2,9484.0,4034.0,100017,4536,1041
query_Q1904_o,5,3,9557.0,4025.0,100008,3982,1161
query_Q1904_o,5,4,9526.0,4031.0,100004,4115,1161
query_Q1904_o,5,5,9577.0,4024.0,100001,3833,873
query_Q1974_o,5,1,9349.0,4049.0,100018,4932,672
query_Q1974_o,5,2,9183.0,4066.0,100006,3427,1050
query_Q1974_o,5,3,9294.0,4052.0,100001,3292,831
query_Q1974_o,5,4,9376.0,4046.0,100018,3573,1274
query_Q1974_o,5,5,9239.0,4060.0,100006,3382,1103
query_Q21590062_o,5,1,6840.0,4305.0,100006,6222,1094
query_Q21590062_o,5,2,7047.0,4284.0,100017,5164,1017
query_Q21590062_o,5,3,6908.0,4297.0,100004,5088,1065
query_Q21590062_o,5,4,7066.0,4282.0,100010,4926,1421
query_Q21590062_o,5,5,6981.0,4291.0,100019,4939,960
query_Q3206_o,5,1,8461.0,4136.0,100018,5167,974
query_Q3206_o,5,2,8419.0,4141.0,100006,3706,948
query_Q3206_o,5,3,8534.0,4130.0,100018,3646,873
query_Q3206_o,5,4,8325.0,4150.0,100013,3606,516
query_Q3206_o,5,5,8594.0,4124.0,100008,3416,1032
query_Q3224_o,5,1,7913.0,4192.0,100001,6541,867
query_Q3224_o,5,2,7874.0,4196.0,100006,4756,923
query_Q3224_o,5,3,7862.0,4197.0,100021,4458,1471
query_Q3224_o,5,4,7966.0,4188.0,100003,4793,901
query_Q3224_o,5,5,7889.0,4195.0,100004,4451,1611
query_Q36074_o,5,1,8258.0,4164.0,100020,8250,1080
query_Q36074_o,5,2,8226.0,4167.0,100002,5560,640
query_Q36074_o,5,3,8035.0,4185.0,100004,5097,1049
query_Q36074_o,5,4,7967.0,4193.0,100007,5075,578
query_Q36074_o,5,5,8200.0,4169.0,100010,4897,1110
query_Q9899_o,5,1,7109.0,4286.0,100018,4753,917
query_Q9899_o,5,2,7158.0,4281.0,100015,3272,808
query_Q9899_o,5,3,7215.0,4275.0,100001,3479,624
query_Q9899_o,5,4,7183.0,4279.0,100009,3277,819
query_Q9899_o,5,5,7107.0,4286.0,100006,3219,521
query_Q1085_o,6,1,111243.0,38821.0,1000010,49263,1333
query_Q1085_o,6,2,111160.0,38827.0,1000001,35522,1254
query_Q1085_o,6,3,110945.0,38851.0,1000007,32983,1208
query_Q1085_o,6,4,111152.0,38827.0,1000000,32077,1497
query_Q1085_o,6,5,111676.0,38775.0,1000000,31469,1237
query_Q1439_o,6,1,128402.0,37098.0,1000017,43647,1187
query_Q1439_o,6,2,127569.0,37179.0,1000001,36370,1285
query_Q1439_o,6,3,127269.0,37210.0,1000018,33431,1186
query_Q1439_o,6,4,127677.0,37168.0,1000013,32494,1320
query_Q1439_o,6,5,127298.0,37208.0,1000001,31857,1348
query_Q176_o,6,1,128584.0,36979.0,1000003,32262,2155
query_Q176_o,6,2,128181.0,37023.0,1000003,29699,2202
query_Q176_o,6,3,128734.0,36967.0,1000001,29843,2082
query_Q176_o,6,4,128615.0,36980.0,1000006,30522,2133
query_Q176_o,6,5,128310.0,37008.0,1000017,28607,2210
query_Q1904_o,6,1,120930.0,37729.0,1000012,31576,4917
query_Q1904_o,6,2,121423.0,37683.0,1000010,29140,4885
query_Q1904_o,6,3,120821.0,37747.0,1000000,28830,4763
query_Q1904_o,6,4,121275.0,37697.0,1000012,28893,4801
query_Q1904_o,6,5,121502.0,37674.0,1000016,28590,4684
query_Q1974_o,6,1,118218.0,38011.0,1000003,33310,3552
query_Q1974_o,6,2,117732.0,38057.0,1000019,31927,3674
query_Q1974_o,6,3,117813.0,38053.0,1000021,31342,3425
query_Q1974_o,6,4,117557.0,38077.0,1000000,31935,3403
query_Q1974_o,6,5,117398.0,38094.0,1000017,30988,4846
query_Q21590062_o,6,1,94375.0,40455.0,1000020,45995,1966
query_Q21590062_o,6,2,94599.0,40434.0,1000001,41218,2398
query_Q21590062_o,6,3,94230.0,40469.0,1000016,40356,2018
query_Q21590062_o,6,4,94358.0,40460.0,1000000,39455,1726
query_Q21590062_o,6,5,94207.0,40470.0,1000003,40618,2418
query_Q3206_o,6,1,123235.0,37512.0,1000000,33845,2253
query_Q3206_o,6,2,123668.0,37471.0,1000001,31692,2058
query_Q3206_o,6,3,123569.0,37485.0,1000014,30765,2296
query_Q3206_o,6,4,123845.0,37452.0,1000001,30612,2237
query_Q3206_o,6,5,124453.0,37398.0,1000015,30497,2011
query_Q3224_o,6,1,103665.0,39489.0,1000013,34137,5073
query_Q3224_o,6,2,104055.0,39451.0,1000006,31133,5058
query_Q3224_o,6,3,103200.0,39529.0,1000000,31671,4710
query_Q3224_o,6,4,104566.0,39398.0,1000017,31380,5167
query_Q3224_o,6,5,104584.0,39401.0,1000001,31358,5004
query_Q36074_o,6,1,107726.0,39119.0,1000011,41668,3065
query_Q36074_o,6,2,107946.0,39096.0,1000000,38255,3122
query_Q36074_o,6,3,107582.0,39139.0,1000017,35180,2877
query_Q36074_o,6,4,107802.0,39109.0,1000000,34495,2957
query_Q36074_o,6,5,107730.0,39118.0,1000000,33628,3173
query_Q9899_o,6,1,98681.0,40111.0,1000005,51234,1614
query_Q9899_o,6,2,99662.0,40014.0,1000001,37140,1635
query_Q9899_o,6,3,99005.0,40080.0,1000000,34335,1457
query_Q9899_o,6,4,99035.0,40077.0,1000018,31929,1710
query_Q9899_o,6,5,99046.0,40076.0,1000013,31048,1562
query_Q1085_o,7,1,63.0,50.0,10130,824,139
query_Q1085_o,7,2,65.0,50.0,10137,360,147
query_Q1085_o,7,3,67.0,50.0,10140,322,151
query_Q1085_o,7,4,66.0,50.0,10132,287,147
query_Q1085_o,7,5,73.0,50.0,10148,247,143
query_Q1439_o,7,1,81.0,50.0,10165,839,93
query_Q1439_o,7,2,75.0,50.0,10151,389,91
query_Q1439_o,7,3,70.0,50.0,10140,339,110
query_Q1439_o,7,4,66.0,50.0,10139,299,100
query_Q1439_o,7,5,73.0,50.0,10148,277,92
query_Q176_o,7,1,96.0,50.0,10197,774,96
query_Q176_o,7,2,86.0,50.0,10173,370,74
query_Q176_o,7,3,90.0,50.0,10185,313,92
query_Q176_o,7,4,99.0,50.0,10200,268,93
query_Q176_o,7,5,91.0,50.0,10187,231,98
query_Q1904_o,7,1,83.0,50.0,10168,832,123
query_Q1904_o,7,2,75.0,50.0,10153,425,101
query_Q1904_o,7,3,100.0,49.0,10006,314,95
query_Q1904_o,7,4,91.0,50.0,10182,312,99
query_Q1904_o,7,5,78.0,50.0,10158,280,110
query_Q1974_o,7,1,74.0,50.0,10149,904,120
query_Q1974_o,7,2,89.0,50.0,10181,392,90
query_Q1974_o,7,3,102.0,49.0,10004,385,104
query_Q1974_o,7,4,90.0,50.0,10185,327,101
query_Q1974_o,7,5,87.0,50.0,10179,270,88
query_Q21590062_o,7,1,67.0,50.0,10137,968,150
query_Q21590062_o,7,2,68.0,50.0,10138,419,174
query_Q21590062_o,7,3,61.0,50.0,10124,345,152
query_Q21590062_o,7,4,63.0,50.0,10131,387,211
query_Q21590062_o,7,5,68.0,50.0,10142,312,157
query_Q3206_o,7,1,81.0,50.0,10171,825,128
query_Q3206_o,7,2,80.0,50.0,10163,331,126
query_Q3206_o,7,3,79.0,50.0,10160,360,127
query_Q3206_o,7,4,78.0,50.0,10157,269,121
query_Q3206_o,7,5,75.0,50.0,10156,280,120
query_Q3224_o,7,1,66.0,50.0,10140,996,182
query_Q3224_o,7,2,66.0,50.0,10137,375,161
query_Q3224_o,7,3,77.0,50.0,10162,359,160
query_Q3224_o,7,4,66.0,50.0,10138,300,163
query_Q3224_o,7,5,59.0,50.0,10121,267,170
query_Q36074_o,7,1,76.0,50.0,10153,851,159
query_Q36074_o,7,2,76.0,50.0,10157,373,143
query_Q36074_o,7,3,67.0,50.0,10139,330,146
query_Q36074_o,7,4,68.0,50.0,10139,337,140
query_Q36074_o,7,5,87.0,50.0,10177,302,143
query_Q9899_o,7,1,68.0,50.0,10137,839,159
query_Q9899_o,7,2,70.0,50.0,10143,296,186
query_Q9899_o,7,3,68.0,50.0,10137,315,140
query_Q9899_o,7,4,63.0,50.0,10127,243,154
query_Q9899_o,7,5,70.0,50.0,10140,252,167
query_Q1085_o,8,1,724.0,493.0,100083,4234,1018
query_Q1085_o,8,2,730.0,493.0,100094,3080,1029
query_Q1085_o,8,3,712.0,493.0,100054,2802,990
query_Q1085_o,8,4,714.0,493.0,100063,2853,1100
query_Q1085_o,8,5,707.0,493.0,100061,2647,1021
query_Q1439_o,8,1,874.0,492.0,100173,4050,685
query_Q1439_o,8,2,815.0,492.0,100048,2930,456
query_Q1439_o,8,3,843.0,492.0,100113,2962,756
query_Q1439_o,8,4,903.0,491.0,100027,2727,725
query_Q1439_o,8,5,836.0,492.0,100098,2728,690
query_Q176_o,8,1,1000.0,490.0,100040,3400,727
query_Q176_o,8,2,1025.0,490.0,100086,2254,595
query_Q176_o,8,3,1029.0,490.0,100104,2289,545
query_Q176_o,8,4,994.0,490.0,100027,2398,585
query_Q176_o,8,5,1010.0,490.0,100054,2242,770
query_Q1904_o,8,1,1010.0,490.0,100068,3455,750
query_Q1904_o,8,2,986.0,490.0,100027,2478,833
query_Q1904_o,8,3,967.0,491.0,100168,2381,824
query_Q1904_o,8,4,1029.0,490.0,100105,2609,794
query_Q1904_o,8,5,1012.0,490.0,100059,2412,818
query_Q1974_o,8,1,1016.0,490.0,100071,3136,688
query_Q1974_o,8,2,1045.0,490.0,100134,2418,723
query_Q1974_o,8,3,1029.0,490.0,100106,2356,787
query_Q1974_o,8,4,1015.0,490.0,100075,2466,775
query_Q1974_o,8,5,1020.0,490.0,100087,2251,768
query_Q21590062_o,8,1,739.0,493.0,100104,4045,1128
query_Q21590062_o,8,2,741.0,493.0,100112,2892,1268
query_Q21590062_o,8,3,716.0,493.0,100066,2850,1215
query_Q21590062_o,8,4,723.0,493.0,100080,3161,1244
query_Q21590062_o,8,5,726.0,493.0,100091,2849,1051
query_Q3206_o,8,1,899.0,491.0,100052,3490,838
query_Q3206_o,8,2,880.0,492.0,100190,2731,819
query_Q3206_o,8,3,910.0,491.0,100066,2524,880
query_Q3206_o,8,4,853.0,492.0,100156,2630,887
query_Q3206_o,8,5,869.0,492.0,100193,2408,794
query_Q3224_o,8,1,815.0,492.0,100081,3381,1177
query_Q3224_o,8,2,770.0,493.0,100189,2562,1153
query_Q3224_o,8,3,753.0,493.0,100157,2469,1154
query_Q3224_o,8,4,785.0,492.0,100011,2321,1203
query_Q3224_o,8,5,820.0,492.0,100078,2508,1108
query_Q36074_o,8,1,812.0,492.0,100050,3522,1021
query_Q36074_o,8,2,868.0,492.0,100166,2644,635
query_Q36074_o,8,3,842.0,492.0,100122,2443,973
query_Q36074_o,8,4,873.0,492.0,100169,2384,992
query_Q36074_o,8,5,790.0,492.0,100007,2367,949
query_Q9899_o,8,1,724.0,493.0,100061,3120,1060
query_Q9899_o,8,2,727.0,493.0,100072,2308,684
query_Q9899_o,8,3,729.0,493.0,100065,2331,999
query_Q9899_o,8,4,747.0,493.0,100111,2177,991
query_Q9899_o,8,5,707.0,493.0,100030,2130,1103
query_Q1085_o,9,1,8883.0,4911.0,1000168,22928,3971
query_Q1085_o,9,2,8977.0,4910.0,1000177,21072,2910
query_Q1085_o,9,3,8999.0,4910.0,1000198,20147,4485
query_Q1085_o,9,4,8896.0,4911.0,1000195,20144,3537
query_Q1085_o,9,5,8802.0,4911.0,1000014,20201,4682
query_Q1439_o,9,1,9931.0,4900.0,1000045,23797,2872
query_Q1439_o,9,2,9955.0,4900.0,1000082,21977,2879
query_Q1439_o,9,3,10108.0,4899.0,1000196,21641,2871
query_Q1439_o,9,4,10070.0,4899.0,1000113,21803,2900
query_Q1439_o,9,5,10053.0,4899.0,1000089,21330,2701
query_Q176_o,9,1,11253.0,4886.0,1000101,22380,3963
query_Q176_o,9,2,11215.0,4886.0,1000052,19909,3936
query_Q176_o,9,3,11186.0,4887.0,1000189,20011,3081
query_Q176_o,9,4,11142.0,4887.0,1000089,20120,3872
query_Q176_o,9,5,11334.0,4885.0,1000068,19622,4629
query_Q1904_o,9,1,11695.0,4881.0,1000024,21750,4831
query_Q1904_o,9,2,11441.0,4884.0,1000109,19634,5329
query_Q1904_o,9,3,11650.0,4882.0,1000141,19690,5779
query_Q1904_o,9,4,11725.0,4881.0,1000056,19427,5503
query_Q1904_o,9,5,11643.0,4882.0,1000154,19750,4326
query_Q1974_o,9,1,11277.0,4886.0,1000167,21889,4769
query_Q1974_o,9,2,11373.0,4885.0,1000166,20723,4158
query_Q1974_o,9,3,11247.0,4886.0,1000082,20152,5287
query_Q1974_o,9,4,11077.0,4888.0,1000155,20515,4624
query_Q1974_o,9,5,11354.0,4885.0,1000133,19611,5314
query_Q21590062_o,9,1,8109.0,4918.0,1000122,29612,5953
query_Q21590062_o,9,2,8117.0,4918.0,1000134,27914,4972
query_Q21590062_o,9,3,7921.0,4920.0,1000112,28740,5314
query_Q21590062_o,9,4,8051.0,4918.0,1000000,27795,5931
query_Q21590062_o,9,5,8016.0,4919.0,1000124,27264,5628
query_Q3206_o,9,1,10359.0,4895.0,1000153,24752,3660
query_Q3206_o,9,2,10136.0,4897.0,1000085,23520,4983
query_Q3206_o,9,3,10215.0,4896.0,1000021,23404,4274
query_Q3206_o,9,4,10180.0,4897.0,1000160,23050,5138
query_Q3206_o,9,5,10383.0,4895.0,1000189,23086,3885
query_Q3224_o,9,1,9599.0,4903.0,1000192,23531,6398
query_Q3224_o,9,2,9442.0,4904.0,1000043,21018,5363
query_Q3224_o,9,3,9456.0,4904.0,1000082,20208,5312
query_Q3224_o,9,4,9369.0,4905.0,1000121,20043,6721
query_Q3224_o,9,5,9455.0,4904.0,1000126,19826,6645
query_Q36074_o,9,1,9608.0,4903.0,1000105,23968,5776
query_Q36074_o,9,2,9545.0,4904.0,1000164,22509,4066
query_Q36074_o,9,3,9507.0,4904.0,1000116,22387,4067
query_Q36074_o,9,4,9648.0,4903.0,1000149,23057,5842
query_Q36074_o,9,5,9454.0,4905.0,1000163,22504,5796
query_Q9899_o,9,1,8352.0,4917.0,1000181,21396,4684
query_Q9899_o,9,2,8229.0,4918.0,1000137,20565,5020
query_Q9899_o,9,3,8310.0,4917.0,1000105,21172,3380
query_Q9899_o,9,4,8417.0,4916.0,1000117,20970,5030
query_Q9899_o,9,5,8326.0,4917.0,1000139,20132,4632
